R,P,region,max_rbm_residual,mean_rbm_residual
17,43,first lower,0.000443,0.0003805
17,42,second lower,0.0005118662,0.00025688718275
17,41,mature lower,2.267164e-06,1.95415775e-06
17,40,mature lower,2.002539e-06,1.8524005e-06
17,39,mature lower,2.364946e-06,2.09265475e-06
17,38,mature lower,2.362503e-06,2.0667645e-06
17,37,mature lower,2.261027e-06,2.00211325e-06
17,36,mature lower,2.144535e-06,1.949121e-06
17,35,mature lower,2.283575e-06,1.9728037500000002e-06
17,34,mature lower,2.224751e-06,1.9999015e-06
17,33,mature lower,2.283223e-06,1.983402e-06
17,32,mature lower,2.296247e-06,1.982785e-06
17,31,mature lower,2.28027e-06,1.98411275e-06
17,30,mature lower,2.165861e-06,1.9507057499999997e-06
17,29,mature lower,2.246207e-06,1.9771565e-06
17,28,mature lower,2.219697e-06,1.9701675e-06
17,27,mature lower,2.157538e-06,1.92007e-06
17,26,mature lower,2.239022e-06,1.9900095e-06
17,25,mature lower,2.191232e-06,1.98393175e-06
17,24,mature lower,2.23768e-06,1.9870757500000003e-06
17,23,mature lower,2.191657e-06,1.9384145e-06
17,22,mature lower,2.256169e-06,1.9708410000000003e-06
17,21,mature lower,2.332709e-06,1.997988e-06
17,20,mature lower,2.330192e-06,2.024369e-06
17,19,mature lower,2.23695e-06,1.9736284999999997e-06
17,18,mature lower,2.145067e-06,1.9407867499999997e-06
17,17,mature lower,2.233002e-06,1.99395825e-06
17,16,mature lower,2.188221e-06,1.97524025e-06
17,15,mature lower,2.276105e-06,2.03103225e-06
17,14,mature lower,2.231105e-06,2.0086845e-06
17,13,mature lower,2.139432e-06,1.932646e-06
17,12,mature lower,2.201545e-06,1.9375005e-06
17,11,mature lower,2.216625e-06,1.9688135e-06
17,10,mature lower,2.252451e-06,1.94085825e-06
17,9,mature lower,2.183375e-06,1.95670475e-06
17,8,mature lower,2.20487e-06,1.96388525e-06
17,7,mature lower,2.223996e-06,1.9760460000000002e-06
17,6,mature lower,2.244778e-06,1.9668289999999997e-06
17,5,mature lower,2.150756e-06,1.92985e-06
17,4,mature lower,2.15936e-06,1.9541220000000002e-06
17,3,mature lower,2.280842e-06,1.95727975e-06
17,2,mature lower,2.253898e-06,1.9524862500000002e-06
17,1,mature lower,2.231084e-06,1.959843e-06
17,0,mature lower,2.211033e-06,1.966198e-06
17,45,first upper,0.000443,0.0003805
17,46,second upper,0.0005118664,0.00025688714625
17,47,mature upper,2.267122e-06,1.95411975e-06
17,48,mature upper,2.00126e-06,1.8522504999999998e-06
17,49,mature upper,2.337575e-06,2.08527875e-06
17,50,mature upper,2.32826e-06,2.057285e-06
17,51,mature upper,2.232616e-06,1.99048125e-06
17,52,mature upper,2.128719e-06,1.93878325e-06
17,53,mature upper,2.279245e-06,1.9908827499999998e-06
17,54,mature upper,2.222476e-06,2.00593375e-06
17,55,mature upper,2.224204e-06,1.9534555e-06
17,56,mature upper,2.293597e-06,1.9869484999999997e-06
17,57,mature upper,2.201131e-06,1.95822475e-06
17,58,mature upper,2.177524e-06,1.95346925e-06
17,59,mature upper,2.181468e-06,1.9447795e-06
17,60,mature upper,2.133597e-06,1.94155e-06
17,61,mature upper,2.244215e-06,1.9448657500000003e-06
17,62,mature upper,2.225617e-06,2.00630425e-06
17,63,mature upper,2.264132e-06,2.00084275e-06
17,64,mature upper,2.258617e-06,2.00089975e-06
17,65,mature upper,2.132588e-06,1.919954e-06
17,66,mature upper,2.220756e-06,1.9185675e-06
17,67,mature upper,2.207387e-06,1.975911e-06
17,68,mature upper,2.185359e-06,2.02043925e-06
17,69,mature upper,2.16296e-06,1.9499005e-06
17,70,mature upper,2.278663e-06,2.01843275e-06
17,71,mature upper,2.199659e-06,1.9217459999999997e-06
17,72,mature upper,2.285732e-06,1.955781e-06
17,73,mature upper,2.213946e-06,1.983011e-06
17,74,mature upper,2.252619e-06,1.96833475e-06
17,75,mature upper,2.208547e-06,2.01517525e-06
17,76,mature upper,2.139384e-06,1.92055825e-06
17,77,mature upper,2.217572e-06,1.957663e-06
17,78,mature upper,2.307418e-06,2.00688075e-06
17,79,mature upper,2.216312e-06,1.9848675e-06
17,80,mature upper,2.245598e-06,1.9872167499999998e-06
17,81,mature upper,2.166382e-06,1.9060652500000002e-06
17,82,mature upper,2.176034e-06,1.921126e-06
17,83,mature upper,2.171228e-06,1.9515275e-06
17,84,mature upper,2.218213e-06,1.955486e-06
17,85,mature upper,2.299886e-06,1.9579302499999998e-06
17,86,mature upper,2.215746e-06,1.970024e-06
17,87,mature upper,2.251463e-06,1.9720687499999997e-06
17,88,mature upper,2.196921e-06,1.9592105e-06
16,43,first lower,0.00051,0.00048550000000000004
16,42,second lower,2.105042e-06,2.0864409999999997e-06
16,41,mature lower,1.961499e-06,1.8165927499999999e-06
16,40,mature lower,2.349315e-06,2.03767475e-06
16,39,mature lower,2.351889e-06,2.071459e-06
16,38,mature lower,2.308971e-06,2.03639475e-06
16,37,mature lower,2.063921e-06,1.893733e-06
16,36,mature lower,2.184425e-06,1.940888e-06
16,35,mature lower,2.153309e-06,1.91211175e-06
16,34,mature lower,2.138333e-06,1.93404375e-06
16,33,mature lower,2.24555e-06,1.9618012499999997e-06
16,32,mature lower,2.216935e-06,1.97993275e-06
16,31,mature lower,2.257486e-06,1.9593355e-06
16,30,mature lower,2.175637e-06,1.9297615e-06
16,29,mature lower,2.121504e-06,1.93018925e-06
16,28,mature lower,2.228e-06,1.9904e-06
16,27,mature lower,2.183321e-06,1.9398124999999996e-06
16,26,mature lower,2.163955e-06,1.8698925e-06
16,25,mature lower,2.16086e-06,1.86962975e-06
16,24,mature lower,2.220358e-06,1.94190325e-06
16,23,mature lower,2.255909e-06,2.0469675e-06
16,22,mature lower,2.231243e-06,1.9741167500000003e-06
16,21,mature lower,2.212355e-06,1.93768375e-06
16,20,mature lower,2.160094e-06,1.9513405000000002e-06
16,19,mature lower,2.26038e-06,1.9519909999999997e-06
16,18,mature lower,2.166045e-06,1.9574592499999997e-06
16,17,mature lower,2.267754e-06,1.96515675e-06
16,16,mature lower,2.210825e-06,1.9523830000000003e-06
16,15,mature lower,2.1883e-06,1.9176492500000002e-06
16,14,mature lower,2.152954e-06,1.86841725e-06
16,13,mature lower,2.23588e-06,1.94219e-06
16,12,mature lower,2.206296e-06,1.9642647500000002e-06
16,11,mature lower,2.149868e-06,1.91616025e-06
16,10,mature lower,2.20289e-06,1.9438845e-06
16,9,mature lower,2.207065e-06,1.98556175e-06
16,8,mature lower,2.271828e-06,1.92781025e-06
16,7,mature lower,2.222545e-06,1.95975e-06
16,6,mature lower,2.09735e-06,1.92172775e-06
16,5,mature lower,2.19232e-06,1.9595862499999997e-06
16,4,mature lower,2.243188e-06,1.96335125e-06
16,3,mature lower,2.210168e-06,1.9256195e-06
16,2,mature lower,2.205399e-06,1.9713875e-06
16,1,mature lower,2.189707e-06,1.9487445e-06
16,0,mature lower,2.263054e-06,1.9370844999999997e-06
16,45,first upper,0.00051,0.00048550000000000004
16,46,second upper,2.10492e-06,2.0864512500000002e-06
16,47,mature upper,1.961392e-06,1.8165900000000003e-06
16,48,mature upper,2.349319e-06,2.0376925e-06
16,49,mature upper,2.351895e-06,2.07148075e-06
16,50,mature upper,2.308932e-06,2.03634725e-06
16,51,mature upper,2.063793e-06,1.8937297499999999e-06
16,52,mature upper,2.184299e-06,1.94088075e-06
16,53,mature upper,2.15333e-06,1.9122387500000003e-06
16,54,mature upper,2.13837e-06,1.934089e-06
16,55,mature upper,2.245833e-06,1.9617835e-06
16,56,mature upper,2.217192e-06,1.980012e-06
16,57,mature upper,2.256579e-06,1.95921075e-06
16,58,mature upper,2.174123e-06,1.929104e-06
16,59,mature upper,2.121142e-06,1.93016275e-06
16,60,mature upper,2.228912e-06,1.990263e-06
16,61,mature upper,2.182262e-06,1.94001675e-06
16,62,mature upper,2.165207e-06,1.87213675e-06
16,63,mature upper,2.157626e-06,1.869417e-06
16,64,mature upper,2.217413e-06,1.942333e-06
16,65,mature upper,2.258694e-06,2.04906325e-06
16,66,mature upper,2.234698e-06,1.976204e-06
16,67,mature upper,2.203199e-06,1.94030875e-06
16,68,mature upper,2.211465e-06,1.97275e-06
16,69,mature upper,2.261654e-06,1.96312775e-06
16,70,mature upper,2.256147e-06,1.99237525e-06
16,71,mature upper,2.256557e-06,1.984638e-06
16,72,mature upper,2.210017e-06,1.9392574999999998e-06
16,73,mature upper,2.108455e-06,1.8895385000000002e-06
16,74,mature upper,2.144292e-06,1.8649885000000001e-06
16,75,mature upper,2.219202e-06,1.8891315e-06
16,76,mature upper,2.274926e-06,1.94217425e-06
16,77,mature upper,2.300048e-06,1.99022575e-06
16,78,mature upper,2.217359e-06,1.95031775e-06
16,79,mature upper,2.194431e-06,1.95779825e-06
16,80,mature upper,2.196287e-06,1.8891357500000001e-06
16,81,mature upper,2.268745e-06,1.9303555e-06
16,82,mature upper,2.311497e-06,1.9907155e-06
16,83,mature upper,2.206754e-06,1.94977525e-06
16,84,mature upper,2.259597e-06,1.98174975e-06
16,85,mature upper,2.171493e-06,1.9682005e-06
16,86,mature upper,2.245691e-06,1.9836915000000003e-06
16,87,mature upper,2.320915e-06,1.98696325e-06
16,88,mature upper,2.214106e-06,1.97439225e-06
15,43,first lower,0.000508,0.000484
15,42,second lower,2.110488e-06,2.0194825000000004e-06
15,41,mature lower,1.945663e-06,1.78278625e-06
15,40,mature lower,2.318929e-06,2.0211394999999997e-06
15,39,mature lower,2.312088e-06,2.0560399999999997e-06
15,38,mature lower,2.259393e-06,1.9443795e-06
15,37,mature lower,2.168305e-06,1.8615625e-06
15,36,mature lower,2.253299e-06,1.938913e-06
15,35,mature lower,2.19393e-06,1.9066177499999999e-06
15,34,mature lower,2.191166e-06,1.9306475e-06
15,33,mature lower,2.183504e-06,1.97468575e-06
15,32,mature lower,2.151488e-06,1.9231110000000004e-06
15,31,mature lower,2.22945e-06,1.884104e-06
15,30,mature lower,2.203491e-06,1.9026340000000003e-06
15,29,mature lower,2.177826e-06,1.8931985e-06
15,28,mature lower,2.124387e-06,1.9013855e-06
15,27,mature lower,2.156628e-06,1.886735e-06
15,26,mature lower,2.24026e-06,1.89917425e-06
15,25,mature lower,2.240297e-06,1.9302565e-06
15,24,mature lower,2.198361e-06,1.9153939999999997e-06
15,23,mature lower,2.178415e-06,1.8926432499999999e-06
15,22,mature lower,2.190397e-06,1.90840125e-06
15,21,mature lower,2.163168e-06,1.9246645e-06
15,20,mature lower,2.230759e-06,1.9375932499999997e-06
15,19,mature lower,2.143095e-06,1.8670349999999998e-06
15,18,mature lower,2.1893e-06,1.91845475e-06
15,17,mature lower,2.188085e-06,1.91942225e-06
15,16,mature lower,2.146294e-06,1.94822575e-06
15,15,mature lower,2.21336e-06,1.936863e-06
15,14,mature lower,2.158443e-06,1.91122725e-06
15,13,mature lower,2.268955e-06,1.91759825e-06
15,12,mature lower,2.106736e-06,1.89847125e-06
15,11,mature lower,2.262843e-06,1.9343802499999998e-06
15,10,mature lower,2.256388e-06,1.9274455e-06
15,9,mature lower,2.17952e-06,1.9584155e-06
15,8,mature lower,2.201147e-06,1.9216357500000002e-06
15,7,mature lower,2.174158e-06,1.91302575e-06
15,6,mature lower,2.224578e-06,1.9032865000000002e-06
15,5,mature lower,2.156116e-06,1.8722910000000002e-06
15,4,mature lower,2.132082e-06,1.89003e-06
15,3,mature lower,2.124668e-06,1.918865e-06
15,2,mature lower,2.177143e-06,1.9659835e-06
15,1,mature lower,2.113234e-06,1.88764125e-06
15,0,mature lower,2.155893e-06,1.9010529999999999e-06
15,45,first upper,0.000508,0.000484
15,46,second upper,2.110485e-06,2.0194815e-06
15,47,mature upper,1.945653e-06,1.7827879999999998e-06
15,48,mature upper,2.318931e-06,2.02114125e-06
15,49,mature upper,2.312086e-06,2.0560399999999997e-06
15,50,mature upper,2.259392e-06,1.94437775e-06
15,51,mature upper,2.168307e-06,1.8615645e-06
15,52,mature upper,2.253285e-06,1.93891775e-06
15,53,mature upper,2.193905e-06,1.90660575e-06
15,54,mature upper,2.19108e-06,1.930604e-06
15,55,mature upper,2.18357e-06,1.97471125e-06
15,56,mature upper,2.151502e-06,1.92317925e-06
15,57,mature upper,2.229366e-06,1.88414575e-06
15,58,mature upper,2.203439e-06,1.9026505e-06
15,59,mature upper,2.178153e-06,1.89333325e-06
15,60,mature upper,2.124651e-06,1.9018897499999998e-06
15,61,mature upper,2.156885e-06,1.8875264999999997e-06
15,62,mature upper,2.240384e-06,1.89894525e-06
15,63,mature upper,2.240519e-06,1.93301775e-06
15,64,mature upper,2.198312e-06,1.91538025e-06
15,65,mature upper,2.178992e-06,1.892267e-06
15,66,mature upper,2.189714e-06,1.90739675e-06
15,67,mature upper,2.160297e-06,1.9231205e-06
15,68,mature upper,2.232346e-06,1.9362947500000002e-06
15,69,mature upper,2.142893e-06,1.8657367499999999e-06
15,70,mature upper,2.189019e-06,1.9205194999999997e-06
15,71,mature upper,2.18884e-06,1.92477375e-06
15,72,mature upper,2.148468e-06,1.95236525e-06
15,73,mature upper,2.214591e-06,1.93567225e-06
15,74,mature upper,2.149992e-06,1.90359e-06
15,75,mature upper,2.266866e-06,1.9284650000000003e-06
15,76,mature upper,2.096349e-06,1.8491805e-06
15,77,mature upper,2.263346e-06,1.93281475e-06
15,78,mature upper,2.26876e-06,1.9678582499999998e-06
15,79,mature upper,2.194266e-06,1.977245e-06
15,80,mature upper,2.208744e-06,1.9062312500000001e-06
15,81,mature upper,2.188528e-06,1.8710817499999998e-06
15,82,mature upper,2.228159e-06,1.929542e-06
15,83,mature upper,2.257155e-06,1.97866175e-06
15,84,mature upper,2.197059e-06,1.9725187500000002e-06
15,85,mature upper,2.17113e-06,1.90463375e-06
15,86,mature upper,2.237455e-06,1.8925102500000002e-06
15,87,mature upper,2.200933e-06,1.9507595e-06
15,88,mature upper,2.124604e-06,1.9140864999999998e-06
14,43,first lower,0.000506,0.00048249999999999996
14,42,second lower,1.997404e-06,1.95473725e-06
14,41,mature lower,1.928692e-06,1.8009285e-06
14,40,mature lower,2.319934e-06,2.01358575e-06
14,39,mature lower,2.301358e-06,1.9939055e-06
14,38,mature lower,2.324105e-06,1.9532202499999998e-06
14,37,mature lower,2.173901e-06,1.8544205e-06
14,36,mature lower,2.214717e-06,1.9075242499999996e-06
14,35,mature lower,2.179896e-06,1.974863e-06
14,34,mature lower,2.225836e-06,1.93948675e-06
14,33,mature lower,2.226031e-06,1.95067475e-06
14,32,mature lower,2.141688e-06,1.9208457499999996e-06
14,31,mature lower,2.134547e-06,1.8487875e-06
14,30,mature lower,2.123855e-06,1.8515052500000002e-06
14,29,mature lower,2.150654e-06,1.9439095e-06
14,28,mature lower,2.152166e-06,1.9437014999999996e-06
14,27,mature lower,2.232424e-06,1.94778225e-06
14,26,mature lower,2.249238e-06,1.86427675e-06
14,25,mature lower,2.208935e-06,1.9242205e-06
14,24,mature lower,2.172153e-06,1.91882625e-06
14,23,mature lower,2.163128e-06,1.9198649999999997e-06
14,22,mature lower,2.157397e-06,1.9008700000000001e-06
14,21,mature lower,2.170061e-06,1.95503e-06
14,20,mature lower,2.245538e-06,1.952555e-06
14,19,mature lower,2.188873e-06,1.9461965e-06
14,18,mature lower,2.170869e-06,1.8773834999999999e-06
14,17,mature lower,2.214732e-06,1.8721642500000002e-06
14,16,mature lower,2.210827e-06,1.90241175e-06
14,15,mature lower,2.177327e-06,1.9151919999999997e-06
14,14,mature lower,2.22451e-06,1.9064324999999998e-06
14,13,mature lower,2.146839e-06,1.8988700000000002e-06
14,12,mature lower,2.155921e-06,1.90207e-06
14,11,mature lower,2.269664e-06,1.9671145e-06
14,10,mature lower,2.170506e-06,1.8597115e-06
14,9,mature lower,2.234137e-06,1.932834e-06
14,8,mature lower,2.220962e-06,1.94928775e-06
14,7,mature lower,2.208356e-06,1.91674575e-06
14,6,mature lower,2.196598e-06,1.9008087499999998e-06
14,5,mature lower,2.205407e-06,1.888474e-06
14,4,mature lower,2.168052e-06,1.931347e-06
14,3,mature lower,2.273182e-06,1.96613175e-06
14,2,mature lower,2.213564e-06,1.8842609999999999e-06
14,1,mature lower,2.097181e-06,1.8732847500000003e-06
14,0,mature lower,2.090421e-06,1.8504925e-06
14,45,first upper,0.000506,0.00048249999999999996
14,46,second upper,1.997401e-06,1.9547375e-06
14,47,mature upper,1.928698e-06,1.80093475e-06
14,48,mature upper,2.319938e-06,2.01358525e-06
14,49,mature upper,2.301367e-06,1.9939117499999997e-06
14,50,mature upper,2.324106e-06,1.95319775e-06
14,51,mature upper,2.173927e-06,1.85441825e-06
14,52,mature upper,2.21473e-06,1.9075515e-06
14,53,mature upper,2.179881e-06,1.97490975e-06
14,54,mature upper,2.225829e-06,1.9394805e-06
14,55,mature upper,2.226272e-06,1.9507449999999996e-06
14,56,mature upper,2.141779e-06,1.92091225e-06
14,57,mature upper,2.134379e-06,1.84889325e-06
14,58,mature upper,2.124871e-06,1.851985e-06
14,59,mature upper,2.151223e-06,1.94417475e-06
14,60,mature upper,2.151455e-06,1.944103e-06
14,61,mature upper,2.232205e-06,1.9473685e-06
14,62,mature upper,2.25015e-06,1.8643045e-06
14,63,mature upper,2.210578e-06,1.92479525e-06
14,64,mature upper,2.176551e-06,1.92019525e-06
14,65,mature upper,2.159353e-06,1.91929625e-06
14,66,mature upper,2.157629e-06,1.90034e-06
14,67,mature upper,2.169648e-06,1.9512652500000002e-06
14,68,mature upper,2.245056e-06,1.94991025e-06
14,69,mature upper,2.189124e-06,1.94638225e-06
14,70,mature upper,2.169134e-06,1.8773660000000001e-06
14,71,mature upper,2.215512e-06,1.8719644999999998e-06
14,72,mature upper,2.212067e-06,1.9035995e-06
14,73,mature upper,2.181345e-06,1.9144785e-06
14,74,mature upper,2.221299e-06,1.9087827499999997e-06
14,75,mature upper,2.145546e-06,1.8982662499999999e-06
14,76,mature upper,2.153954e-06,1.9030705000000002e-06
14,77,mature upper,2.26782e-06,1.966108e-06
14,78,mature upper,2.172963e-06,1.8608935e-06
14,79,mature upper,2.236284e-06,1.9353245000000003e-06
14,80,mature upper,2.228885e-06,1.9599520000000002e-06
14,81,mature upper,2.207384e-06,1.9244155e-06
14,82,mature upper,2.206864e-06,1.91833875e-06
14,83,mature upper,2.199688e-06,1.8668037500000001e-06
14,84,mature upper,2.182517e-06,1.8958639999999998e-06
14,85,mature upper,2.244529e-06,1.93490625e-06
14,86,mature upper,2.207477e-06,1.8658475000000001e-06
14,87,mature upper,2.097856e-06,1.8688467499999998e-06
14,88,mature upper,2.201724e-06,1.9009807500000001e-06
13,43,first lower,0.000503,0.0004805
13,42,second lower,2.237546e-06,2.156505e-06
13,41,mature lower,1.995761e-06,1.8192104999999999e-06
13,40,mature lower,2.300435e-06,1.97918475e-06
13,39,mature lower,2.244654e-06,2.01873375e-06
13,38,mature lower,2.20578e-06,1.9233629999999997e-06
13,37,mature lower,2.005562e-06,1.86605325e-06
13,36,mature lower,2.152427e-06,1.78570675e-06
13,35,mature lower,2.176219e-06,1.84145275e-06
13,34,mature lower,2.205294e-06,1.94537225e-06
13,33,mature lower,2.110697e-06,1.904007e-06
13,32,mature lower,2.087882e-06,1.868269e-06
13,31,mature lower,2.142243e-06,1.88936525e-06
13,30,mature lower,2.169848e-06,1.8613120000000002e-06
13,29,mature lower,2.193165e-06,1.8917485e-06
13,28,mature lower,2.204262e-06,1.938836e-06
13,27,mature lower,2.198946e-06,1.92189775e-06
13,26,mature lower,2.157171e-06,1.907667e-06
13,25,mature lower,2.143747e-06,1.8323595e-06
13,24,mature lower,2.199754e-06,1.8879845e-06
13,23,mature lower,2.158587e-06,1.9189359999999997e-06
13,22,mature lower,2.17402e-06,1.9085655e-06
13,21,mature lower,2.17784e-06,1.8496437500000001e-06
13,20,mature lower,2.151354e-06,1.8789905e-06
13,19,mature lower,2.173792e-06,1.87471375e-06
13,18,mature lower,2.116971e-06,1.86343475e-06
13,17,mature lower,2.151105e-06,1.93126025e-06
13,16,mature lower,2.215833e-06,1.953401e-06
13,15,mature lower,2.204205e-06,1.89031925e-06
13,14,mature lower,2.197329e-06,1.8279104999999999e-06
13,13,mature lower,2.192255e-06,1.92935425e-06
13,12,mature lower,2.172449e-06,1.9122725e-06
13,11,mature lower,2.207682e-06,1.94144975e-06
13,10,mature lower,2.17272e-06,1.9166195e-06
13,9,mature lower,2.138378e-06,1.9035865e-06
13,8,mature lower,2.229036e-06,1.924188e-06
13,7,mature lower,2.182641e-06,1.9304275e-06
13,6,mature lower,2.298807e-06,1.9668344999999997e-06
13,5,mature lower,2.147829e-06,1.92919325e-06
13,4,mature lower,2.212726e-06,1.86070475e-06
13,3,mature lower,2.185618e-06,1.8718547499999998e-06
13,2,mature lower,2.263592e-06,1.8809877500000001e-06
13,1,mature lower,2.227841e-06,1.91220425e-06
13,0,mature lower,2.130682e-06,1.8409945000000002e-06
13,45,first upper,0.000503,0.0004805
13,46,second upper,2.237554e-06,2.15650525e-06
13,47,mature upper,1.995757e-06,1.8192107500000001e-06
13,48,mature upper,2.300435e-06,1.97918575e-06
13,49,mature upper,2.244656e-06,2.01873475e-06
13,50,mature upper,2.205783e-06,1.923367e-06
13,51,mature upper,2.005531e-06,1.86607375e-06
13,52,mature upper,2.152395e-06,1.78576975e-06
13,53,mature upper,2.176182e-06,1.8414825000000001e-06
13,54,mature upper,2.205351e-06,1.94565575e-06
13,55,mature upper,2.110522e-06,1.9039437500000002e-06
13,56,mature upper,2.08781e-06,1.868068e-06
13,57,mature upper,2.143228e-06,1.88957625e-06
13,58,mature upper,2.168788e-06,1.8611465e-06
13,59,mature upper,2.193177e-06,1.8916665e-06
13,60,mature upper,2.204598e-06,1.9390337500000002e-06
13,61,mature upper,2.196066e-06,1.92132375e-06
13,62,mature upper,2.15529e-06,1.90614775e-06
13,63,mature upper,2.136553e-06,1.8317545e-06
13,64,mature upper,2.193178e-06,1.8876394999999999e-06
13,65,mature upper,2.161699e-06,1.919139e-06
13,66,mature upper,2.168819e-06,1.90841225e-06
13,67,mature upper,2.176857e-06,1.8508525e-06
13,68,mature upper,2.154551e-06,1.87984875e-06
13,69,mature upper,2.184201e-06,1.8792882499999999e-06
13,70,mature upper,2.115528e-06,1.863164e-06
13,71,mature upper,2.149541e-06,1.9345395e-06
13,72,mature upper,2.238053e-06,1.9598210000000002e-06
13,73,mature upper,2.206572e-06,1.8905575000000002e-06
13,74,mature upper,2.191682e-06,1.82291725e-06
13,75,mature upper,2.173698e-06,1.897604e-06
13,76,mature upper,2.265618e-06,1.9453892500000002e-06
13,77,mature upper,2.227622e-06,1.974156e-06
13,78,mature upper,2.195134e-06,1.9222485e-06
13,79,mature upper,2.090222e-06,1.8948847500000002e-06
13,80,mature upper,2.136564e-06,1.9039167499999999e-06
13,81,mature upper,2.180655e-06,1.924444e-06
13,82,mature upper,2.314515e-06,1.9379535000000002e-06
13,83,mature upper,2.179955e-06,1.92311175e-06
13,84,mature upper,2.191961e-06,1.83455875e-06
13,85,mature upper,2.159096e-06,1.839851e-06
13,86,mature upper,2.250192e-06,1.88740225e-06
13,87,mature upper,2.174883e-06,1.9146745e-06
13,88,mature upper,2.145164e-06,1.84418625e-06
12,43,first lower,0.0005,0.00047824999999999994
12,42,second lower,2.124786e-06,2.05764e-06
12,41,mature lower,1.983674e-06,1.78717625e-06
12,40,mature lower,2.306774e-06,1.9458150000000003e-06
12,39,mature lower,2.253096e-06,1.95085975e-06
12,38,mature lower,2.156159e-06,1.9158527499999996e-06
12,37,mature lower,2.020113e-06,1.83318125e-06
12,36,mature lower,2.149845e-06,1.82941975e-06
12,35,mature lower,2.183375e-06,1.8164714999999998e-06
12,34,mature lower,2.1479e-06,1.8501329999999997e-06
12,33,mature lower,2.191616e-06,1.8842895e-06
12,32,mature lower,2.149486e-06,1.882578e-06
12,31,mature lower,2.086816e-06,1.85112025e-06
12,30,mature lower,2.128269e-06,1.82016475e-06
12,29,mature lower,2.209975e-06,1.8987082500000002e-06
12,28,mature lower,2.271588e-06,1.8943782500000001e-06
12,27,mature lower,2.207157e-06,1.9353092500000002e-06
12,26,mature lower,2.124485e-06,1.88794625e-06
12,25,mature lower,2.077627e-06,1.8426127499999998e-06
12,24,mature lower,2.099622e-06,1.88106675e-06
12,23,mature lower,2.235349e-06,1.9200425e-06
12,22,mature lower,2.179336e-06,1.8872697499999999e-06
12,21,mature lower,2.174215e-06,1.86223075e-06
12,20,mature lower,2.083813e-06,1.837499e-06
12,19,mature lower,2.19055e-06,1.83869875e-06
12,18,mature lower,2.267006e-06,1.8861905e-06
12,17,mature lower,2.241872e-06,1.89284025e-06
12,16,mature lower,2.166652e-06,1.8144274999999997e-06
12,15,mature lower,2.134087e-06,1.82489e-06
12,14,mature lower,2.13913e-06,1.86410775e-06
12,13,mature lower,2.182401e-06,1.90531625e-06
12,12,mature lower,2.140824e-06,1.8440137500000002e-06
12,11,mature lower,2.144054e-06,1.841482e-06
12,10,mature lower,2.205324e-06,1.8663580000000001e-06
12,9,mature lower,2.20812e-06,1.8530954999999999e-06
12,8,mature lower,2.195231e-06,1.89069925e-06
12,7,mature lower,2.158873e-06,1.8237375e-06
12,6,mature lower,2.160572e-06,1.81075575e-06
12,5,mature lower,2.154354e-06,1.8804487499999998e-06
12,4,mature lower,2.224637e-06,1.9289000000000003e-06
12,3,mature lower,2.147437e-06,1.8782665e-06
12,2,mature lower,2.18092e-06,1.8686019999999998e-06
12,1,mature lower,2.146375e-06,1.8646135000000002e-06
12,0,mature lower,2.154134e-06,1.80462375e-06
12,45,first upper,0.0005,0.00047824999999999994
12,46,second upper,2.124783e-06,2.0576525e-06
12,47,mature upper,1.983678e-06,1.7871789999999999e-06
12,48,mature upper,2.306779e-06,1.9458185000000003e-06
12,49,mature upper,2.253097e-06,1.9508665000000003e-06
12,50,mature upper,2.156159e-06,1.91586425e-06
12,51,mature upper,2.020111e-06,1.8331705e-06
12,52,mature upper,2.149853e-06,1.82942775e-06
12,53,mature upper,2.183314e-06,1.81645875e-06
12,54,mature upper,2.147922e-06,1.850148e-06
12,55,mature upper,2.191609e-06,1.88422775e-06
12,56,mature upper,2.149503e-06,1.882576e-06
12,57,mature upper,2.086789e-06,1.85113325e-06
12,58,mature upper,2.128144e-06,1.8200914999999998e-06
12,59,mature upper,2.21017e-06,1.898951e-06
12,60,mature upper,2.271775e-06,1.8943754999999999e-06
12,61,mature upper,2.208403e-06,1.9354185e-06
12,62,mature upper,2.124e-06,1.8880762499999998e-06
12,63,mature upper,2.077862e-06,1.84326e-06
12,64,mature upper,2.099859e-06,1.88036925e-06
12,65,mature upper,2.235664e-06,1.91754425e-06
12,66,mature upper,2.176787e-06,1.8851239999999998e-06
12,67,mature upper,2.172238e-06,1.8622300000000001e-06
12,68,mature upper,2.080123e-06,1.8371080000000002e-06
12,69,mature upper,2.191758e-06,1.8384597500000002e-06
12,70,mature upper,2.265365e-06,1.8849925e-06
12,71,mature upper,2.245008e-06,1.8976709999999999e-06
12,72,mature upper,2.15885e-06,1.8082127500000002e-06
12,73,mature upper,2.105011e-06,1.8136685e-06
12,74,mature upper,2.172643e-06,1.8362107499999997e-06
12,75,mature upper,2.29184e-06,1.90901625e-06
12,76,mature upper,2.156434e-06,1.8608692499999999e-06
12,77,mature upper,2.139002e-06,1.85476525e-06
12,78,mature upper,2.199944e-06,1.8536675e-06
12,79,mature upper,2.187028e-06,1.858182e-06
12,80,mature upper,2.22433e-06,1.9274262499999997e-06
12,81,mature upper,2.145342e-06,1.8947260000000001e-06
12,82,mature upper,2.172881e-06,1.87231225e-06
12,83,mature upper,2.141207e-06,1.85459525e-06
12,84,mature upper,2.224131e-06,1.89212225e-06
12,85,mature upper,2.228762e-06,1.8921720000000001e-06
12,86,mature upper,2.18888e-06,1.8896344999999999e-06
12,87,mature upper,2.222598e-06,1.9290815e-06
12,88,mature upper,2.125264e-06,1.8729579999999998e-06
11,43,first lower,0.000496,0.00047499999999999994
11,42,second lower,2.027946e-06,1.9849155e-06
11,41,mature lower,1.928747e-06,1.726704e-06
11,40,mature lower,2.274835e-06,1.9070355000000001e-06
11,39,mature lower,2.207526e-06,1.88404675e-06
11,38,mature lower,2.121834e-06,1.9004842499999997e-06
11,37,mature lower,2.073548e-06,1.82325e-06
11,36,mature lower,2.22239e-06,1.87355775e-06
11,35,mature lower,2.190755e-06,1.8252237499999999e-06
11,34,mature lower,2.082205e-06,1.7580945000000001e-06
11,33,mature lower,2.102232e-06,1.8061215e-06
11,32,mature lower,2.125195e-06,1.8030277500000002e-06
11,31,mature lower,2.172812e-06,1.800539e-06
11,30,mature lower,2.135906e-06,1.8317099999999998e-06
11,29,mature lower,2.085633e-06,1.8752822499999998e-06
11,28,mature lower,2.084102e-06,1.88086875e-06
11,27,mature lower,2.180629e-06,1.8364905e-06
11,26,mature lower,2.16252e-06,1.8196075e-06
11,25,mature lower,2.205679e-06,1.8094205e-06
11,24,mature lower,2.220136e-06,1.864701e-06
11,23,mature lower,2.139891e-06,1.8902635e-06
11,22,mature lower,2.031574e-06,1.86697975e-06
11,21,mature lower,2.150185e-06,1.888603e-06
11,20,mature lower,2.119793e-06,1.8040562500000001e-06
11,19,mature lower,2.109385e-06,1.825371e-06
11,18,mature lower,2.158e-06,1.8652382499999998e-06
11,17,mature lower,2.16386e-06,1.8541074999999998e-06
11,16,mature lower,2.084829e-06,1.79697325e-06
11,15,mature lower,2.101457e-06,1.7536467500000002e-06
11,14,mature lower,2.118923e-06,1.82138625e-06
11,13,mature lower,2.263093e-06,1.87466575e-06
11,12,mature lower,2.149428e-06,1.8781955e-06
11,11,mature lower,2.112827e-06,1.8353570000000001e-06
11,10,mature lower,2.112041e-06,1.78486875e-06
11,9,mature lower,2.220783e-06,1.8248459999999999e-06
11,8,mature lower,2.182555e-06,1.7976080000000002e-06
11,7,mature lower,2.131356e-06,1.771086e-06
11,6,mature lower,2.095143e-06,1.7498545e-06
11,5,mature lower,2.165955e-06,1.7853192499999998e-06
11,4,mature lower,2.171374e-06,1.8489735e-06
11,3,mature lower,2.148746e-06,1.9282582499999998e-06
11,2,mature lower,2.156699e-06,1.8918867499999998e-06
11,1,mature lower,2.136578e-06,1.7805967499999998e-06
11,0,mature lower,2.155941e-06,1.8263815000000002e-06
11,45,first upper,0.000496,0.00047499999999999994
11,46,second upper,2.027941e-06,1.9849140000000002e-06
11,47,mature upper,1.928744e-06,1.72670475e-06
11,48,mature upper,2.274835e-06,1.907035e-06
11,49,mature upper,2.207526e-06,1.88404625e-06
11,50,mature upper,2.121834e-06,1.9004859999999999e-06
11,51,mature upper,2.073548e-06,1.8232497500000002e-06
11,52,mature upper,2.222381e-06,1.87355525e-06
11,53,mature upper,2.19075e-06,1.8252222500000001e-06
11,54,mature upper,2.082208e-06,1.7580907499999999e-06
11,55,mature upper,2.102238e-06,1.8061182499999999e-06
11,56,mature upper,2.125195e-06,1.8030205e-06
11,57,mature upper,2.172781e-06,1.8005240000000002e-06
11,58,mature upper,2.135823e-06,1.8316762500000002e-06
11,59,mature upper,2.086161e-06,1.87543075e-06
11,60,mature upper,2.084115e-06,1.8808435e-06
11,61,mature upper,2.180656e-06,1.83641725e-06
11,62,mature upper,2.162696e-06,1.8195324999999998e-06
11,63,mature upper,2.206705e-06,1.8102445e-06
11,64,mature upper,2.220908e-06,1.86483875e-06
11,65,mature upper,2.142097e-06,1.89088375e-06
11,66,mature upper,2.031256e-06,1.86690725e-06
11,67,mature upper,2.147962e-06,1.8877185e-06
11,68,mature upper,2.126587e-06,1.8054322499999998e-06
11,69,mature upper,2.11105e-06,1.8258119999999999e-06
11,70,mature upper,2.162078e-06,1.8679652499999999e-06
11,71,mature upper,2.168481e-06,1.85357225e-06
11,72,mature upper,2.089095e-06,1.7970299999999999e-06
11,73,mature upper,2.101533e-06,1.7507777500000002e-06
11,74,mature upper,2.120765e-06,1.82206625e-06
11,75,mature upper,2.264093e-06,1.8750695000000002e-06
11,76,mature upper,2.154154e-06,1.8759455000000002e-06
11,77,mature upper,2.113922e-06,1.8351625000000002e-06
11,78,mature upper,2.109718e-06,1.7851560000000001e-06
11,79,mature upper,2.20609e-06,1.8154905e-06
11,80,mature upper,2.195956e-06,1.79885175e-06
11,81,mature upper,2.133257e-06,1.76732425e-06
11,82,mature upper,2.0933e-06,1.7599509999999998e-06
11,83,mature upper,2.199952e-06,1.79740625e-06
11,84,mature upper,2.16338e-06,1.852197e-06
11,85,mature upper,2.150256e-06,1.844591e-06
11,86,mature upper,2.114093e-06,1.76426075e-06
11,87,mature upper,2.079474e-06,1.7287449999999998e-06
11,88,mature upper,2.07931e-06,1.8128545000000002e-06
10,43,first lower,0.000492,0.00047200000000000003
10,42,second lower,2.335877e-06,2.2610285e-06
10,41,mature lower,2.004311e-06,1.86323375e-06
10,40,mature lower,2.150055e-06,1.8691795e-06
10,39,mature lower,2.074275e-06,1.8011105e-06
10,38,mature lower,1.992218e-06,1.8189274999999999e-06
10,37,mature lower,2.169505e-06,1.8592077500000003e-06
10,36,mature lower,2.079161e-06,1.7957489999999999e-06
10,35,mature lower,2.137873e-06,1.76970325e-06
10,34,mature lower,2.145467e-06,1.7796510000000002e-06
10,33,mature lower,2.109339e-06,1.7631192499999998e-06
10,32,mature lower,2.068706e-06,1.723828e-06
10,31,mature lower,2.203661e-06,1.7201007500000002e-06
10,30,mature lower,2.089354e-06,1.7935135000000001e-06
10,29,mature lower,2.165705e-06,1.8755392499999997e-06
10,28,mature lower,2.060606e-06,1.830972e-06
10,27,mature lower,2.185264e-06,1.8169175e-06
10,26,mature lower,2.107823e-06,1.748069e-06
10,25,mature lower,2.040381e-06,1.831949e-06
10,24,mature lower,2.166246e-06,1.8594410000000002e-06
10,23,mature lower,2.128638e-06,1.884325e-06
10,22,mature lower,2.168285e-06,1.86642925e-06
10,21,mature lower,2.101719e-06,1.7852124999999999e-06
10,20,mature lower,2.081079e-06,1.82351075e-06
10,19,mature lower,2.122592e-06,1.8905212500000002e-06
10,18,mature lower,2.109766e-06,1.8767990000000002e-06
10,17,mature lower,2.190312e-06,1.8698112499999998e-06
10,16,mature lower,2.122226e-06,1.7974635e-06
10,15,mature lower,2.118332e-06,1.7988585e-06
10,14,mature lower,2.11921e-06,1.7751524999999998e-06
10,13,mature lower,2.139861e-06,1.88888575e-06
10,12,mature lower,2.11325e-06,1.8293712500000001e-06
10,11,mature lower,2.081022e-06,1.7779852499999998e-06
10,10,mature lower,2.100666e-06,1.801002e-06
10,9,mature lower,2.100258e-06,1.77761525e-06
10,8,mature lower,2.066906e-06,1.8194502499999999e-06
10,7,mature lower,2.095768e-06,1.832126e-06
10,6,mature lower,2.114447e-06,1.8169294999999998e-06
10,5,mature lower,2.092265e-06,1.8158159999999999e-06
10,4,mature lower,2.117193e-06,1.7927895e-06
10,3,mature lower,2.06034e-06,1.8353354999999998e-06
10,2,mature lower,2.068031e-06,1.7926705000000001e-06
10,1,mature lower,2.121316e-06,1.80009775e-06
10,0,mature lower,2.110909e-06,1.79736925e-06
10,45,first upper,0.000492,0.00047200000000000003
10,46,second upper,2.335878e-06,2.2610295000000003e-06
10,47,mature upper,2.004311e-06,1.8632335000000002e-06
10,48,mature upper,2.150056e-06,1.8691797499999998e-06
10,49,mature upper,2.074274e-06,1.8011105e-06
10,50,mature upper,1.992218e-06,1.818928e-06
10,51,mature upper,2.169429e-06,1.8592145e-06
10,52,mature upper,2.079361e-06,1.7957687499999997e-06
10,53,mature upper,2.137949e-06,1.7697155e-06
10,54,mature upper,2.1452e-06,1.779556e-06
10,55,mature upper,2.109185e-06,1.763047e-06
10,56,mature upper,2.069014e-06,1.7239132500000001e-06
10,57,mature upper,2.203697e-06,1.720051e-06
10,58,mature upper,2.088794e-06,1.79324875e-06
10,59,mature upper,2.165816e-06,1.8758080000000001e-06
10,60,mature upper,2.060951e-06,1.8310837499999998e-06
10,61,mature upper,2.185656e-06,1.81703775e-06
10,62,mature upper,2.108021e-06,1.74830175e-06
10,63,mature upper,2.040216e-06,1.8320575000000002e-06
10,64,mature upper,2.16679e-06,1.8598904999999998e-06
10,65,mature upper,2.129346e-06,1.835614e-06
10,66,mature upper,2.171171e-06,1.85416175e-06
10,67,mature upper,2.100862e-06,1.80151125e-06
10,68,mature upper,2.076673e-06,1.7910102499999998e-06
10,69,mature upper,2.118295e-06,1.80705075e-06
10,70,mature upper,2.107094e-06,1.8537415000000001e-06
10,71,mature upper,2.195186e-06,1.8571447499999999e-06
10,72,mature upper,2.12487e-06,1.840004e-06
10,73,mature upper,2.127265e-06,1.76272375e-06
10,74,mature upper,2.170098e-06,1.7861655000000002e-06
10,75,mature upper,2.092977e-06,1.8670192500000002e-06
10,76,mature upper,2.135127e-06,1.8573625e-06
10,77,mature upper,2.074781e-06,1.8188732500000002e-06
10,78,mature upper,2.146128e-06,1.74442675e-06
10,79,mature upper,2.073497e-06,1.754481e-06
10,80,mature upper,2.128784e-06,1.8400947500000002e-06
10,81,mature upper,2.09435e-06,1.83254625e-06
10,82,mature upper,2.158575e-06,1.85607125e-06
10,83,mature upper,2.098424e-06,1.786325e-06
10,84,mature upper,2.051291e-06,1.7232545e-06
10,85,mature upper,2.155001e-06,1.80916225e-06
10,86,mature upper,2.177709e-06,1.8866659999999998e-06
10,87,mature upper,2.05077e-06,1.8295102500000001e-06
10,88,mature upper,2.058649e-06,1.80542275e-06
9,43,first lower,0.000487,0.000468
9,42,second lower,2.288389e-06,2.249732e-06
9,41,mature lower,1.864029e-06,1.73961175e-06
9,40,mature lower,2.169683e-06,1.832621e-06
9,39,mature lower,2.029229e-06,1.81474075e-06
9,38,mature lower,2.002666e-06,1.8039029999999999e-06
9,37,mature lower,2.087393e-06,1.78024175e-06
9,36,mature lower,2.076048e-06,1.7112007499999998e-06
9,35,mature lower,2.044942e-06,1.7161562499999999e-06
9,34,mature lower,2.090096e-06,1.747056e-06
9,33,mature lower,2.113264e-06,1.7267375000000002e-06
9,32,mature lower,2.09977e-06,1.7723984999999998e-06
9,31,mature lower,2.073008e-06,1.7221552499999999e-06
9,30,mature lower,2.14629e-06,1.8097365e-06
9,29,mature lower,2.004676e-06,1.8203465e-06
9,28,mature lower,2.011601e-06,1.76867375e-06
9,27,mature lower,2.115817e-06,1.8074690000000003e-06
9,26,mature lower,2.081816e-06,1.7572384999999998e-06
9,25,mature lower,2.05992e-06,1.7584815e-06
9,24,mature lower,2.017876e-06,1.7815339999999999e-06
9,23,mature lower,2.131312e-06,1.8314662500000003e-06
9,22,mature lower,2.069811e-06,1.8057022500000003e-06
9,21,mature lower,2.064584e-06,1.7037845e-06
9,20,mature lower,2.070329e-06,1.81428275e-06
9,19,mature lower,2.062087e-06,1.803786e-06
9,18,mature lower,2.025411e-06,1.7640882499999997e-06
9,17,mature lower,2.129408e-06,1.75011725e-06
9,16,mature lower,2.063226e-06,1.7853569999999998e-06
9,15,mature lower,2.090128e-06,1.76115775e-06
9,14,mature lower,2.175676e-06,1.7625199999999998e-06
9,13,mature lower,2.092468e-06,1.7165265e-06
9,12,mature lower,2.137037e-06,1.799279e-06
9,11,mature lower,2.052982e-06,1.7985802500000002e-06
9,10,mature lower,2.076902e-06,1.78560325e-06
9,9,mature lower,2.082235e-06,1.74410975e-06
9,8,mature lower,2.028284e-06,1.7153725e-06
9,7,mature lower,2.063452e-06,1.70102525e-06
9,6,mature lower,2.151121e-06,1.77900875e-06
9,5,mature lower,2.054167e-06,1.7831134999999998e-06
9,4,mature lower,2.082829e-06,1.739533e-06
9,3,mature lower,1.993684e-06,1.7109992499999998e-06
9,2,mature lower,2.027427e-06,1.7734345e-06
9,1,mature lower,2.080252e-06,1.7834435e-06
9,0,mature lower,2.09315e-06,1.78805525e-06
9,45,first upper,0.000487,0.000468
9,46,second upper,2.288388e-06,2.2497320000000003e-06
9,47,mature upper,1.864029e-06,1.73961175e-06
9,48,mature upper,2.169682e-06,1.83262025e-06
9,49,mature upper,2.029229e-06,1.81474e-06
9,50,mature upper,2.00267e-06,1.80390375e-06
9,51,mature upper,2.087394e-06,1.7802407500000001e-06
9,52,mature upper,2.076055e-06,1.71120525e-06
9,53,mature upper,2.044954e-06,1.716157e-06
9,54,mature upper,2.090091e-06,1.7470520000000001e-06
9,55,mature upper,2.113244e-06,1.7266889999999998e-06
9,56,mature upper,2.099713e-06,1.77241625e-06
9,57,mature upper,2.072943e-06,1.7221454999999999e-06
9,58,mature upper,2.146098e-06,1.809647e-06
9,59,mature upper,2.004468e-06,1.82025275e-06
9,60,mature upper,2.011781e-06,1.7686785e-06
9,61,mature upper,2.115697e-06,1.8073915000000001e-06
9,62,mature upper,2.081838e-06,1.7571885e-06
9,63,mature upper,2.059815e-06,1.758696e-06
9,64,mature upper,2.018114e-06,1.7817165e-06
9,65,mature upper,2.130593e-06,1.8310879999999998e-06
9,66,mature upper,2.069898e-06,1.8052277499999998e-06
9,67,mature upper,2.068182e-06,1.7049807499999998e-06
9,68,mature upper,2.070667e-06,1.81450025e-06
9,69,mature upper,2.062955e-06,1.803718e-06
9,70,mature upper,2.022376e-06,1.7633335e-06
9,71,mature upper,2.130854e-06,1.752056e-06
9,72,mature upper,2.062887e-06,1.78606325e-06
9,73,mature upper,2.085663e-06,1.7561165e-06
9,74,mature upper,2.178378e-06,1.76167625e-06
9,75,mature upper,2.092024e-06,1.7159392500000002e-06
9,76,mature upper,2.144604e-06,1.80260575e-06
9,77,mature upper,2.061211e-06,1.80178575e-06
9,78,mature upper,2.079114e-06,1.7835037500000002e-06
9,79,mature upper,2.082117e-06,1.787899e-06
9,80,mature upper,2.020225e-06,1.7308267499999999e-06
9,81,mature upper,2.070815e-06,1.73690175e-06
9,82,mature upper,2.154954e-06,1.814323e-06
9,83,mature upper,2.046817e-06,1.823443e-06
9,84,mature upper,2.078652e-06,1.8259802500000001e-06
9,85,mature upper,1.987708e-06,1.77452675e-06
9,86,mature upper,2.010973e-06,1.7424615000000001e-06
9,87,mature upper,2.08081e-06,1.7527132499999997e-06
9,88,mature upper,2.095593e-06,1.7487375e-06
8,43,first lower,0.000482,0.0004635
8,42,second lower,2.298035e-06,2.1875815e-06
8,41,mature lower,1.910407e-06,1.74851275e-06
8,40,mature lower,2.168724e-06,1.84828975e-06
8,39,mature lower,2.1514e-06,1.85286125e-06
8,38,mature lower,2.084834e-06,1.8434365e-06
8,37,mature lower,1.923714e-06,1.744185e-06
8,36,mature lower,2.031195e-06,1.7538992500000003e-06
8,35,mature lower,2.068062e-06,1.761801e-06
8,34,mature lower,2.083102e-06,1.7775864999999999e-06
8,33,mature lower,2.04852e-06,1.81141125e-06
8,32,mature lower,2.104081e-06,1.77782325e-06
8,31,mature lower,2.003115e-06,1.71835025e-06
8,30,mature lower,1.947986e-06,1.6679157500000001e-06
8,29,mature lower,1.946094e-06,1.7050257500000002e-06
8,28,mature lower,2.066849e-06,1.68315125e-06
8,27,mature lower,2.101626e-06,1.7734399999999999e-06
8,26,mature lower,1.998317e-06,1.70532075e-06
8,25,mature lower,2.035741e-06,1.7550282500000001e-06
8,24,mature lower,2.032061e-06,1.78302525e-06
8,23,mature lower,2.12106e-06,1.74276175e-06
8,22,mature lower,2.144261e-06,1.79045825e-06
8,21,mature lower,2.135945e-06,1.7680040000000002e-06
8,20,mature lower,2.022608e-06,1.7759265e-06
8,19,mature lower,2.023158e-06,1.7437465e-06
8,18,mature lower,2.091271e-06,1.7609955e-06
8,17,mature lower,2.076496e-06,1.7825537499999998e-06
8,16,mature lower,2.057153e-06,1.73823925e-06
8,15,mature lower,2.037393e-06,1.7505505000000002e-06
8,14,mature lower,2.0758e-06,1.7588925000000001e-06
8,13,mature lower,2.049548e-06,1.75698675e-06
8,12,mature lower,2.072052e-06,1.7710434999999999e-06
8,11,mature lower,2.09707e-06,1.7160645e-06
8,10,mature lower,2.025037e-06,1.7084685e-06
8,9,mature lower,2.065881e-06,1.7339435e-06
8,8,mature lower,2.020567e-06,1.77374675e-06
8,7,mature lower,2.07764e-06,1.77353625e-06
8,6,mature lower,2.069663e-06,1.71645575e-06
8,5,mature lower,2.038401e-06,1.70351125e-06
8,4,mature lower,2.054938e-06,1.73407425e-06
8,3,mature lower,2.097202e-06,1.7954797500000002e-06
8,2,mature lower,2.104919e-06,1.79215475e-06
8,1,mature lower,2.078652e-06,1.7845937499999998e-06
8,0,mature lower,2.06112e-06,1.75056175e-06
8,45,first upper,0.000482,0.0004635
8,46,second upper,2.298032e-06,2.1875805e-06
8,47,mature upper,1.910405e-06,1.74851075e-06
8,48,mature upper,2.168725e-06,1.848289e-06
8,49,mature upper,2.151396e-06,1.85286e-06
8,50,mature upper,2.084838e-06,1.84343825e-06
8,51,mature upper,1.923728e-06,1.744188e-06
8,52,mature upper,2.031197e-06,1.753905e-06
8,53,mature upper,2.068065e-06,1.7618064999999999e-06
8,54,mature upper,2.083125e-06,1.7775897499999998e-06
8,55,mature upper,2.048556e-06,1.81141325e-06
8,56,mature upper,2.104085e-06,1.7778235e-06
8,57,mature upper,2.003112e-06,1.7183654999999997e-06
8,58,mature upper,1.947989e-06,1.66793575e-06
8,59,mature upper,1.945902e-06,1.7049782499999999e-06
8,60,mature upper,2.066911e-06,1.68316825e-06
8,61,mature upper,2.101661e-06,1.773328e-06
8,62,mature upper,1.998525e-06,1.70533975e-06
8,63,mature upper,2.037391e-06,1.7554665e-06
8,64,mature upper,2.030709e-06,1.7827095e-06
8,65,mature upper,2.121221e-06,1.7428935e-06
8,66,mature upper,2.143645e-06,1.79014075e-06
8,67,mature upper,2.136126e-06,1.76792025e-06
8,68,mature upper,2.02432e-06,1.776451e-06
8,69,mature upper,2.021677e-06,1.7431057499999998e-06
8,70,mature upper,2.091779e-06,1.7619597500000001e-06
8,71,mature upper,2.083681e-06,1.78626e-06
8,72,mature upper,2.058085e-06,1.73945475e-06
8,73,mature upper,2.035303e-06,1.75066025e-06
8,74,mature upper,2.079259e-06,1.7582372500000002e-06
8,75,mature upper,2.047636e-06,1.7560775e-06
8,76,mature upper,2.062528e-06,1.7702317500000002e-06
8,77,mature upper,2.098755e-06,1.7174855e-06
8,78,mature upper,2.024574e-06,1.7129032499999999e-06
8,79,mature upper,2.076346e-06,1.73851375e-06
8,80,mature upper,2.020329e-06,1.7741685e-06
8,81,mature upper,2.070753e-06,1.7768212499999999e-06
8,82,mature upper,2.081846e-06,1.72107625e-06
8,83,mature upper,2.035792e-06,1.7037615e-06
8,84,mature upper,2.043744e-06,1.73889775e-06
8,85,mature upper,2.108247e-06,1.8019184999999998e-06
8,86,mature upper,2.085593e-06,1.78770075e-06
8,87,mature upper,2.066335e-06,1.73770875e-06
8,88,mature upper,2.035792e-06,1.711215e-06
7,43,first lower,0.000476,0.00045850000000000003
7,42,second lower,2.230916e-06,2.08339675e-06
7,41,mature lower,1.819224e-06,1.72886325e-06
7,40,mature lower,1.942346e-06,1.748567e-06
7,39,mature lower,1.946297e-06,1.70371525e-06
7,38,mature lower,1.946081e-06,1.63070275e-06
7,37,mature lower,2.07788e-06,1.7627109999999997e-06
7,36,mature lower,2.078767e-06,1.784037e-06
7,35,mature lower,2.069566e-06,1.72756075e-06
7,34,mature lower,1.895589e-06,1.6546352500000002e-06
7,33,mature lower,1.892506e-06,1.60715725e-06
7,32,mature lower,1.906795e-06,1.61404525e-06
7,31,mature lower,2.070289e-06,1.7196155e-06
7,30,mature lower,2.047314e-06,1.653954e-06
7,29,mature lower,2.080088e-06,1.6600904999999998e-06
7,28,mature lower,2.009697e-06,1.7341312500000001e-06
7,27,mature lower,1.926523e-06,1.6556417500000001e-06
7,26,mature lower,2.013361e-06,1.7142959999999997e-06
7,25,mature lower,1.950354e-06,1.6818534999999998e-06
7,24,mature lower,1.998432e-06,1.660874e-06
7,23,mature lower,1.977571e-06,1.6243845e-06
7,22,mature lower,1.943101e-06,1.6316989999999997e-06
7,21,mature lower,2.016753e-06,1.5993027500000001e-06
7,20,mature lower,2.062251e-06,1.6474617499999998e-06
7,19,mature lower,2.159966e-06,1.705716e-06
7,18,mature lower,1.993144e-06,1.69513975e-06
7,17,mature lower,1.948488e-06,1.6529245000000002e-06
7,16,mature lower,1.990729e-06,1.66899875e-06
7,15,mature lower,1.997344e-06,1.7281347499999999e-06
7,14,mature lower,1.991434e-06,1.7233152500000001e-06
7,13,mature lower,2.082695e-06,1.767894e-06
7,12,mature lower,2.094015e-06,1.7388584999999998e-06
7,11,mature lower,1.994547e-06,1.6616264999999999e-06
7,10,mature lower,1.957016e-06,1.6586374999999998e-06
7,9,mature lower,2.000886e-06,1.7187907499999999e-06
7,8,mature lower,1.941134e-06,1.70846075e-06
7,7,mature lower,2.04688e-06,1.7547782500000002e-06
7,6,mature lower,2.030536e-06,1.74593425e-06
7,5,mature lower,2.04673e-06,1.68628425e-06
7,4,mature lower,2.099802e-06,1.6931259999999998e-06
7,3,mature lower,1.992614e-06,1.6855467500000002e-06
7,2,mature lower,1.98974e-06,1.6877314999999999e-06
7,1,mature lower,1.999724e-06,1.6938012499999999e-06
7,0,mature lower,1.953186e-06,1.6898132499999999e-06
7,45,first upper,0.000476,0.00045850000000000003
7,46,second upper,2.230917e-06,2.0833967499999997e-06
7,47,mature upper,1.819226e-06,1.7288625e-06
7,48,mature upper,1.942344e-06,1.7485665000000001e-06
7,49,mature upper,1.946297e-06,1.7037142500000001e-06
7,50,mature upper,1.946086e-06,1.63070475e-06
7,51,mature upper,2.077881e-06,1.7627125000000001e-06
7,52,mature upper,2.078761e-06,1.7840362500000002e-06
7,53,mature upper,2.069572e-06,1.72756625e-06
7,54,mature upper,1.895594e-06,1.65463375e-06
7,55,mature upper,1.892496e-06,1.607136e-06
7,56,mature upper,1.906809e-06,1.6140464999999998e-06
7,57,mature upper,2.070259e-06,1.7196204999999998e-06
7,58,mature upper,2.047297e-06,1.6539567499999998e-06
7,59,mature upper,2.080097e-06,1.660137e-06
7,60,mature upper,2.00974e-06,1.7341382499999999e-06
7,61,mature upper,1.926942e-06,1.6555835000000002e-06
7,62,mature upper,2.01341e-06,1.71429375e-06
7,63,mature upper,1.950893e-06,1.6821504999999998e-06
7,64,mature upper,1.998714e-06,1.6610785e-06
7,65,mature upper,1.977537e-06,1.6246082500000002e-06
7,66,mature upper,1.942809e-06,1.63161575e-06
7,67,mature upper,2.015697e-06,1.5991005e-06
7,68,mature upper,2.062904e-06,1.6472585e-06
7,69,mature upper,2.160033e-06,1.704882e-06
7,70,mature upper,1.988561e-06,1.6955449999999999e-06
7,71,mature upper,1.942256e-06,1.6538067499999999e-06
7,72,mature upper,1.987169e-06,1.6682504999999998e-06
7,73,mature upper,2.0008e-06,1.7294309999999997e-06
7,74,mature upper,1.99502e-06,1.7202755e-06
7,75,mature upper,1.980399e-06,1.7179035e-06
7,76,mature upper,2.003018e-06,1.732612e-06
7,77,mature upper,1.992338e-06,1.69273275e-06
7,78,mature upper,2.05455e-06,1.66276575e-06
7,79,mature upper,1.98041e-06,1.70482825e-06
7,80,mature upper,2.016013e-06,1.7237062499999997e-06
7,81,mature upper,2.02104e-06,1.7119219999999998e-06
7,82,mature upper,2.008998e-06,1.68943875e-06
7,83,mature upper,1.964153e-06,1.6789725000000001e-06
7,84,mature upper,1.941116e-06,1.6582950000000001e-06
7,85,mature upper,2.049018e-06,1.72187025e-06
7,86,mature upper,1.989302e-06,1.70598575e-06
7,87,mature upper,1.992797e-06,1.6535885e-06
7,88,mature upper,1.979875e-06,1.6805467499999998e-06
6,43,first lower,0.00047,0.00045349999999999996
6,42,second lower,2.323214e-06,2.1858155e-06
6,41,mature lower,1.807797e-06,1.66886575e-06
6,40,mature lower,2.070855e-06,1.7801105e-06
6,39,mature lower,2.001103e-06,1.76532e-06
6,38,mature lower,2.02303e-06,1.7641895e-06
6,37,mature lower,1.918695e-06,1.6974415000000002e-06
6,36,mature lower,1.985642e-06,1.7318254999999998e-06
6,35,mature lower,1.932635e-06,1.6798947499999998e-06
6,34,mature lower,1.950052e-06,1.6862180000000001e-06
6,33,mature lower,1.922452e-06,1.709797e-06
6,32,mature lower,1.923397e-06,1.650912e-06
6,31,mature lower,2.027429e-06,1.6529327499999999e-06
6,30,mature lower,1.943363e-06,1.6701899999999998e-06
6,29,mature lower,1.98756e-06,1.694158e-06
6,28,mature lower,1.951058e-06,1.70598825e-06
6,27,mature lower,2.023093e-06,1.677683e-06
6,26,mature lower,1.924626e-06,1.6648705e-06
6,25,mature lower,1.92012e-06,1.59494625e-06
6,24,mature lower,1.918712e-06,1.6170474999999999e-06
6,23,mature lower,1.952037e-06,1.6247337500000001e-06
6,22,mature lower,1.899198e-06,1.63250675e-06
6,21,mature lower,1.999832e-06,1.66527175e-06
6,20,mature lower,2.096708e-06,1.69424975e-06
6,19,mature lower,1.95814e-06,1.65425925e-06
6,18,mature lower,1.936192e-06,1.65110925e-06
6,17,mature lower,1.966444e-06,1.6476167499999999e-06
6,16,mature lower,1.934378e-06,1.70689125e-06
6,15,mature lower,2.060981e-06,1.73277e-06
6,14,mature lower,2.026393e-06,1.67745325e-06
6,13,mature lower,1.962502e-06,1.68620575e-06
6,12,mature lower,1.898157e-06,1.628961e-06
6,11,mature lower,1.988513e-06,1.64875375e-06
6,10,mature lower,1.921987e-06,1.5984812499999998e-06
6,9,mature lower,1.9639e-06,1.61569925e-06
6,8,mature lower,2.003512e-06,1.66879875e-06
6,7,mature lower,1.91549e-06,1.6503285e-06
6,6,mature lower,1.939918e-06,1.636725e-06
6,5,mature lower,1.900128e-06,1.6469065e-06
6,4,mature lower,2.0387e-06,1.72091325e-06
6,3,mature lower,1.993731e-06,1.7041174999999999e-06
6,2,mature lower,1.955372e-06,1.72490925e-06
6,1,mature lower,1.911212e-06,1.6872565e-06
6,0,mature lower,1.950513e-06,1.7009424999999999e-06
6,45,first upper,0.00047,0.00045349999999999996
6,46,second upper,2.32322e-06,2.1858149999999997e-06
6,47,mature upper,1.807802e-06,1.6688664999999998e-06
6,48,mature upper,2.070851e-06,1.7801065e-06
6,49,mature upper,2.001098e-06,1.76531375e-06
6,50,mature upper,2.023035e-06,1.7641795e-06
6,51,mature upper,1.918516e-06,1.69739125e-06
6,52,mature upper,1.985613e-06,1.7318325e-06
6,53,mature upper,1.932618e-06,1.679923e-06
6,54,mature upper,1.950278e-06,1.6862824999999999e-06
6,55,mature upper,1.922301e-06,1.7097432499999999e-06
6,56,mature upper,1.923357e-06,1.65092525e-06
6,57,mature upper,2.027309e-06,1.6528172499999998e-06
6,58,mature upper,1.94397e-06,1.6701765e-06
6,59,mature upper,1.987301e-06,1.6941957499999998e-06
6,60,mature upper,1.951485e-06,1.7060522500000003e-06
6,61,mature upper,2.022863e-06,1.6776535e-06
6,62,mature upper,1.924298e-06,1.6646864999999999e-06
6,63,mature upper,1.921125e-06,1.5949225e-06
6,64,mature upper,1.919739e-06,1.6172095e-06
6,65,mature upper,1.95209e-06,1.62496525e-06
6,66,mature upper,1.898966e-06,1.6324810000000002e-06
6,67,mature upper,2.001087e-06,1.665523e-06
6,68,mature upper,1.925928e-06,1.65145775e-06
6,69,mature upper,1.871127e-06,1.6319575e-06
6,70,mature upper,1.939652e-06,1.6572095000000001e-06
6,71,mature upper,1.901309e-06,1.6117097499999998e-06
6,72,mature upper,1.964982e-06,1.70987425e-06
6,73,mature upper,1.925702e-06,1.6991310000000002e-06
6,74,mature upper,2.022111e-06,1.6588549999999997e-06
6,75,mature upper,1.940982e-06,1.6580055e-06
6,76,mature upper,1.996737e-06,1.6566290000000001e-06
6,77,mature upper,2.041143e-06,1.6560285e-06
6,78,mature upper,2.017775e-06,1.676659e-06
6,79,mature upper,1.941202e-06,1.608923e-06
6,80,mature upper,2.020419e-06,1.6503795e-06
6,81,mature upper,1.924013e-06,1.6532035e-06
6,82,mature upper,1.915757e-06,1.63394275e-06
6,83,mature upper,2.090652e-06,1.7116725e-06
6,84,mature upper,1.994992e-06,1.6207022500000001e-06
6,85,mature upper,1.920981e-06,1.6856810000000001e-06
6,86,mature upper,1.976774e-06,1.6983517499999998e-06
6,87,mature upper,1.961526e-06,1.667033e-06
6,88,mature upper,1.971021e-06,1.7117175e-06
5,43,first lower,0.000463,0.000447
5,42,second lower,2.277554e-06,2.1311765e-06
5,41,mature lower,1.793761e-06,1.67043175e-06
5,40,mature lower,2.032368e-06,1.757193e-06
5,39,mature lower,2.010767e-06,1.7067955e-06
5,38,mature lower,1.92315e-06,1.6086732500000001e-06
5,37,mature lower,1.809019e-06,1.6241282500000002e-06
5,36,mature lower,1.854904e-06,1.56934675e-06
5,35,mature lower,2.04998e-06,1.65925175e-06
5,34,mature lower,2.000437e-06,1.6872492499999998e-06
5,33,mature lower,1.963489e-06,1.6727192499999998e-06
5,32,mature lower,1.880261e-06,1.567034e-06
5,31,mature lower,1.953843e-06,1.5982207499999999e-06
5,30,mature lower,1.971476e-06,1.6292552499999999e-06
5,29,mature lower,1.917458e-06,1.6619909999999999e-06
5,28,mature lower,1.854659e-06,1.57941975e-06
5,27,mature lower,1.867041e-06,1.5853165e-06
5,26,mature lower,1.874463e-06,1.6577125e-06
5,25,mature lower,1.840872e-06,1.6325132500000002e-06
5,24,mature lower,1.970396e-06,1.62045375e-06
5,23,mature lower,2.070098e-06,1.6272969999999998e-06
5,22,mature lower,1.922057e-06,1.584119e-06
5,21,mature lower,1.996195e-06,1.643888e-06
5,20,mature lower,2.101854e-06,1.6641100000000001e-06
5,19,mature lower,1.960667e-06,1.682856e-06
5,18,mature lower,1.856134e-06,1.6507305e-06
5,17,mature lower,1.873508e-06,1.5994055e-06
5,16,mature lower,1.899589e-06,1.62504225e-06
5,15,mature lower,1.983001e-06,1.6006032500000001e-06
5,14,mature lower,1.954693e-06,1.61631175e-06
5,13,mature lower,1.940751e-06,1.668018e-06
5,12,mature lower,2.003388e-06,1.65982475e-06
5,11,mature lower,1.906095e-06,1.573611e-06
5,10,mature lower,1.997373e-06,1.65562575e-06
5,9,mature lower,1.848657e-06,1.6108880000000002e-06
5,8,mature lower,1.902082e-06,1.669845e-06
5,7,mature lower,1.90073e-06,1.63531575e-06
5,6,mature lower,1.953319e-06,1.620578e-06
5,5,mature lower,1.947922e-06,1.65627925e-06
5,4,mature lower,1.917355e-06,1.60272425e-06
5,3,mature lower,1.882396e-06,1.66093475e-06
5,2,mature lower,1.945521e-06,1.63756925e-06
5,1,mature lower,1.971843e-06,1.6451772499999998e-06
5,0,mature lower,1.964209e-06,1.653073e-06
5,45,first upper,0.000463,0.000447
5,46,second upper,2.277523e-06,2.13117625e-06
5,47,mature upper,1.793773e-06,1.67044725e-06
5,48,mature upper,2.032376e-06,1.7571952499999998e-06
5,49,mature upper,2.010776e-06,1.7067742500000003e-06
5,50,mature upper,1.923194e-06,1.60869825e-06
5,51,mature upper,1.809052e-06,1.624135e-06
5,52,mature upper,1.854908e-06,1.569303e-06
5,53,mature upper,2.050014e-06,1.6592077499999999e-06
5,54,mature upper,2.000491e-06,1.6873167500000001e-06
5,55,mature upper,1.963302e-06,1.6728010000000001e-06
5,56,mature upper,1.88048e-06,1.5671867499999998e-06
5,57,mature upper,1.953048e-06,1.59787175e-06
5,58,mature upper,1.971832e-06,1.6283165e-06
5,59,mature upper,1.918051e-06,1.6614272500000003e-06
5,60,mature upper,1.850243e-06,1.57797975e-06
5,61,mature upper,1.868005e-06,1.5871102500000001e-06
5,62,mature upper,1.863968e-06,1.65448525e-06
5,63,mature upper,1.836082e-06,1.6314900000000001e-06
5,64,mature upper,1.96227e-06,1.6198777500000001e-06
5,65,mature upper,1.978213e-06,1.60769475e-06
5,66,mature upper,1.932419e-06,1.5867162499999999e-06
5,67,mature upper,2.001787e-06,1.6418694999999998e-06
5,68,mature upper,2.110068e-06,1.69218975e-06
5,69,mature upper,1.968725e-06,1.6504010000000001e-06
5,70,mature upper,1.921303e-06,1.641949e-06
5,71,mature upper,1.889578e-06,1.6285075e-06
5,72,mature upper,1.896497e-06,1.6807522499999999e-06
5,73,mature upper,1.886825e-06,1.63398175e-06
5,74,mature upper,1.910512e-06,1.59653625e-06
5,75,mature upper,2.000153e-06,1.65237275e-06
5,76,mature upper,1.955046e-06,1.6415535e-06
5,77,mature upper,1.967385e-06,1.63673375e-06
5,78,mature upper,2.038096e-06,1.6597987499999999e-06
5,79,mature upper,1.950377e-06,1.6264695e-06
5,80,mature upper,1.841794e-06,1.584634e-06
5,81,mature upper,1.8808e-06,1.59518425e-06
5,82,mature upper,1.988421e-06,1.5964775e-06
5,83,mature upper,1.939102e-06,1.63065875e-06
5,84,mature upper,1.997467e-06,1.635444e-06
5,85,mature upper,1.894106e-06,1.63374225e-06
5,86,mature upper,1.923297e-06,1.6615004999999998e-06
5,87,mature upper,1.90271e-06,1.608334e-06
5,88,mature upper,1.869519e-06,1.60378375e-06
4,43,first lower,0.000456,0.0004405
4,42,second lower,2.294389e-06,2.21701575e-06
4,41,mature lower,1.820098e-06,1.6184705e-06
4,40,mature lower,1.901334e-06,1.643008e-06
4,39,mature lower,1.940991e-06,1.667699e-06
4,38,mature lower,1.859862e-06,1.6039960000000001e-06
4,37,mature lower,1.852547e-06,1.5714474999999998e-06
4,36,mature lower,1.875808e-06,1.5597660000000002e-06
4,35,mature lower,1.933065e-06,1.6103222499999999e-06
4,34,mature lower,1.903262e-06,1.67375475e-06
4,33,mature lower,1.904238e-06,1.64156175e-06
4,32,mature lower,1.833715e-06,1.6230820000000001e-06
4,31,mature lower,1.809842e-06,1.52769525e-06
4,30,mature lower,1.826704e-06,1.55910225e-06
4,29,mature lower,1.833082e-06,1.5894985e-06
4,28,mature lower,1.926837e-06,1.6726797500000001e-06
4,27,mature lower,1.894408e-06,1.6384855e-06
4,26,mature lower,1.869811e-06,1.59423125e-06
4,25,mature lower,1.886509e-06,1.61672625e-06
4,24,mature lower,1.85196e-06,1.61404375e-06
4,23,mature lower,1.916592e-06,1.63472975e-06
4,22,mature lower,1.865073e-06,1.6181592500000002e-06
4,21,mature lower,1.81626e-06,1.573422e-06
4,20,mature lower,1.867543e-06,1.6282220000000001e-06
4,19,mature lower,1.874253e-06,1.55709075e-06
4,18,mature lower,1.996935e-06,1.59371475e-06
4,17,mature lower,1.950317e-06,1.5553109999999998e-06
4,16,mature lower,1.84436e-06,1.55142175e-06
4,15,mature lower,1.897457e-06,1.55001675e-06
4,14,mature lower,1.832422e-06,1.5650235e-06
4,13,mature lower,1.88294e-06,1.6185405e-06
4,12,mature lower,1.959546e-06,1.6633855e-06
4,11,mature lower,1.860153e-06,1.6048737500000002e-06
4,10,mature lower,1.882895e-06,1.60115475e-06
4,9,mature lower,1.943906e-06,1.6342509999999999e-06
4,8,mature lower,1.845552e-06,1.6361947500000001e-06
4,7,mature lower,1.926416e-06,1.64878775e-06
4,6,mature lower,1.832244e-06,1.5461415e-06
4,5,mature lower,1.926632e-06,1.6165165e-06
4,4,mature lower,1.873314e-06,1.5632395e-06
4,3,mature lower,1.84946e-06,1.6125257499999998e-06
4,2,mature lower,1.956304e-06,1.6258865000000001e-06
4,1,mature lower,1.856582e-06,1.6551260000000001e-06
4,0,mature lower,1.850278e-06,1.6322405e-06
4,45,first upper,0.000456,0.0004405
4,46,second upper,2.294405e-06,2.2170205e-06
4,47,mature upper,1.820095e-06,1.618469e-06
4,48,mature upper,1.901331e-06,1.643006e-06
4,49,mature upper,1.940996e-06,1.6676999999999997e-06
4,50,mature upper,1.859878e-06,1.6039964999999998e-06
4,51,mature upper,1.852545e-06,1.5714460000000001e-06
4,52,mature upper,1.875796e-06,1.5597584999999999e-06
4,53,mature upper,1.933021e-06,1.6103159999999999e-06
4,54,mature upper,1.903263e-06,1.67375825e-06
4,55,mature upper,1.904257e-06,1.64160375e-06
4,56,mature upper,1.833692e-06,1.623085e-06
4,57,mature upper,1.80999e-06,1.52771625e-06
4,58,mature upper,1.826707e-06,1.55913675e-06
4,59,mature upper,1.833095e-06,1.58955675e-06
4,60,mature upper,1.926997e-06,1.6726915e-06
4,61,mature upper,1.894506e-06,1.6385149999999998e-06
4,62,mature upper,1.869971e-06,1.5940365e-06
4,63,mature upper,1.886401e-06,1.616756e-06
4,64,mature upper,1.851902e-06,1.6141197500000002e-06
4,65,mature upper,1.917471e-06,1.6350755e-06
4,66,mature upper,1.865722e-06,1.6183255e-06
4,67,mature upper,1.816778e-06,1.5734405e-06
4,68,mature upper,1.868416e-06,1.6286875e-06
4,69,mature upper,1.873856e-06,1.5567055e-06
4,70,mature upper,1.994317e-06,1.59320725e-06
4,71,mature upper,1.947458e-06,1.5554544999999999e-06
4,72,mature upper,1.844439e-06,1.5520794999999999e-06
4,73,mature upper,1.896117e-06,1.5498365e-06
4,74,mature upper,1.832848e-06,1.565202e-06
4,75,mature upper,1.882953e-06,1.617412e-06
4,76,mature upper,1.964418e-06,1.66138325e-06
4,77,mature upper,1.862157e-06,1.6019345e-06
4,78,mature upper,1.886486e-06,1.6024400000000002e-06
4,79,mature upper,1.946616e-06,1.6321645000000002e-06
4,80,mature upper,1.855249e-06,1.6383355e-06
4,81,mature upper,1.937149e-06,1.6522475e-06
4,82,mature upper,1.840491e-06,1.5554245e-06
4,83,mature upper,1.945825e-06,1.622807e-06
4,84,mature upper,1.856084e-06,1.5520630000000002e-06
4,85,mature upper,1.905923e-06,1.640623e-06
4,86,mature upper,1.832617e-06,1.58056025e-06
4,87,mature upper,1.898731e-06,1.63325025e-06
4,88,mature upper,1.867091e-06,1.56878e-06
3,43,first lower,0.000448,0.0004335
3,42,second lower,2.251915e-06,2.15162325e-06
3,41,mature lower,1.824603e-06,1.70595225e-06
3,40,mature lower,1.892076e-06,1.6722775e-06
3,39,mature lower,1.907468e-06,1.59807425e-06
3,38,mature lower,1.756026e-06,1.592264e-06
3,37,mature lower,1.90011e-06,1.6677244999999999e-06
3,36,mature lower,1.81294e-06,1.63335975e-06
3,35,mature lower,1.913446e-06,1.6282375e-06
3,34,mature lower,1.90607e-06,1.5486135e-06
3,33,mature lower,1.92684e-06,1.50334125e-06
3,32,mature lower,1.803471e-06,1.5375012500000002e-06
3,31,mature lower,1.897502e-06,1.5810277499999998e-06
3,30,mature lower,1.871496e-06,1.4997717499999998e-06
3,29,mature lower,1.79276e-06,1.53701375e-06
3,28,mature lower,1.817735e-06,1.5463255e-06
3,27,mature lower,1.88846e-06,1.574891e-06
3,26,mature lower,1.803782e-06,1.5584160000000002e-06
3,25,mature lower,1.828201e-06,1.59993475e-06
3,24,mature lower,1.894535e-06,1.551303e-06
3,23,mature lower,1.832929e-06,1.54502925e-06
3,22,mature lower,1.867186e-06,1.59509525e-06
3,21,mature lower,1.837076e-06,1.5892235e-06
3,20,mature lower,1.764719e-06,1.5773352499999999e-06
3,19,mature lower,1.854468e-06,1.559296e-06
3,18,mature lower,1.854439e-06,1.56762025e-06
3,17,mature lower,1.983693e-06,1.61274325e-06
3,16,mature lower,1.89143e-06,1.6158805e-06
3,15,mature lower,1.837767e-06,1.600018e-06
3,14,mature lower,1.819261e-06,1.5907825e-06
3,13,mature lower,1.857945e-06,1.5934542500000001e-06
3,12,mature lower,1.872231e-06,1.52760975e-06
3,11,mature lower,1.839341e-06,1.52572875e-06
3,10,mature lower,1.847638e-06,1.5879014999999998e-06
3,9,mature lower,1.861724e-06,1.538786e-06
3,8,mature lower,1.863629e-06,1.5823952499999998e-06
3,7,mature lower,1.864266e-06,1.55968875e-06
3,6,mature lower,1.840431e-06,1.612722e-06
3,5,mature lower,1.855732e-06,1.58498775e-06
3,4,mature lower,1.887886e-06,1.5325742500000001e-06
3,3,mature lower,1.848523e-06,1.5389002499999998e-06
3,2,mature lower,1.897186e-06,1.5468065000000002e-06
3,1,mature lower,1.907016e-06,1.5711475e-06
3,0,mature lower,1.907189e-06,1.5972749999999999e-06
3,45,first upper,0.000448,0.0004335
3,46,second upper,2.25188e-06,2.1516029999999997e-06
3,47,mature upper,1.824607e-06,1.7059364999999999e-06
3,48,mature upper,1.892067e-06,1.67227475e-06
3,49,mature upper,1.907518e-06,1.59809075e-06
3,50,mature upper,1.756028e-06,1.592289e-06
3,51,mature upper,1.900073e-06,1.6677235e-06
3,52,mature upper,1.812961e-06,1.63336175e-06
3,53,mature upper,1.91369e-06,1.62821125e-06
3,54,mature upper,1.90569e-06,1.5485129999999998e-06
3,55,mature upper,1.926707e-06,1.5033967500000002e-06
3,56,mature upper,1.803369e-06,1.5374414999999999e-06
3,57,mature upper,1.896516e-06,1.5807325e-06
3,58,mature upper,1.871323e-06,1.4994154999999999e-06
3,59,mature upper,1.792806e-06,1.53745075e-06
3,60,mature upper,1.81806e-06,1.54561675e-06
3,61,mature upper,1.887833e-06,1.57476325e-06
3,62,mature upper,1.804142e-06,1.55844825e-06
3,63,mature upper,1.830303e-06,1.6002845e-06
3,64,mature upper,1.889415e-06,1.54788975e-06
3,65,mature upper,1.82804e-06,1.543743e-06
3,66,mature upper,1.866249e-06,1.5967715e-06
3,67,mature upper,1.832377e-06,1.5837757499999999e-06
3,68,mature upper,1.763242e-06,1.57692e-06
3,69,mature upper,1.857638e-06,1.5600212499999999e-06
3,70,mature upper,1.852537e-06,1.56812975e-06
3,71,mature upper,1.984776e-06,1.610751e-06
3,72,mature upper,1.900464e-06,1.6181744999999998e-06
3,73,mature upper,1.803968e-06,1.5895227500000001e-06
3,74,mature upper,1.798001e-06,1.5832615e-06
3,75,mature upper,1.756875e-06,1.53733275e-06
3,76,mature upper,1.813959e-06,1.5051980000000002e-06
3,77,mature upper,1.943567e-06,1.55160725e-06
3,78,mature upper,1.830517e-06,1.58597725e-06
3,79,mature upper,1.837812e-06,1.50739725e-06
3,80,mature upper,1.916977e-06,1.61594075e-06
3,81,mature upper,1.821529e-06,1.5450685e-06
3,82,mature upper,1.825665e-06,1.55861975e-06
3,83,mature upper,1.873349e-06,1.58139325e-06
3,84,mature upper,1.87236e-06,1.61871125e-06
3,85,mature upper,1.772563e-06,1.4983025e-06
3,86,mature upper,1.763849e-06,1.515964e-06
3,87,mature upper,1.873461e-06,1.59351125e-06
3,88,mature upper,1.819744e-06,1.5215234999999999e-06
2,43,first lower,0.00044,0.00042550000000000004
2,42,second lower,2.290289e-06,2.18852725e-06
2,41,mature lower,1.741386e-06,1.625348e-06
2,40,mature lower,1.863696e-06,1.6119939999999998e-06
2,39,mature lower,1.843979e-06,1.59449325e-06
2,38,mature lower,1.775884e-06,1.5636715e-06
2,37,mature lower,1.720607e-06,1.48215075e-06
2,36,mature lower,1.873317e-06,1.6338175e-06
2,35,mature lower,1.850636e-06,1.607628e-06
2,34,mature lower,1.921348e-06,1.5819497499999999e-06
2,33,mature lower,1.743665e-06,1.49550325e-06
2,32,mature lower,1.714005e-06,1.4781135000000001e-06
2,31,mature lower,1.808736e-06,1.52132975e-06
2,30,mature lower,1.900518e-06,1.582052e-06
2,29,mature lower,1.742856e-06,1.5046032499999999e-06
2,28,mature lower,1.720233e-06,1.4875292499999997e-06
2,27,mature lower,1.726689e-06,1.48484475e-06
2,26,mature lower,1.691787e-06,1.508911e-06
2,25,mature lower,1.808648e-06,1.5339964999999998e-06
2,24,mature lower,1.870731e-06,1.5545724999999999e-06
2,23,mature lower,1.7332e-06,1.4745347499999999e-06
2,22,mature lower,1.726525e-06,1.4589215e-06
2,21,mature lower,1.87638e-06,1.6094265e-06
2,20,mature lower,1.830621e-06,1.5139835e-06
2,19,mature lower,1.751469e-06,1.4921855000000002e-06
2,18,mature lower,1.72491e-06,1.4686845000000001e-06
2,17,mature lower,1.808131e-06,1.4919202499999998e-06
2,16,mature lower,1.755829e-06,1.4665067500000002e-06
2,15,mature lower,1.763403e-06,1.5488582499999999e-06
2,14,mature lower,1.898989e-06,1.609543e-06
2,13,mature lower,1.869425e-06,1.5684e-06
2,12,mature lower,1.8255e-06,1.523927e-06
2,11,mature lower,1.808403e-06,1.49165875e-06
2,10,mature lower,1.733988e-06,1.48286475e-06
2,9,mature lower,1.813553e-06,1.4799064999999999e-06
2,8,mature lower,1.820317e-06,1.546433e-06
2,7,mature lower,1.850647e-06,1.5253190000000001e-06
2,6,mature lower,1.83128e-06,1.53532575e-06
2,5,mature lower,1.806183e-06,1.52544425e-06
2,4,mature lower,1.691945e-06,1.5000352500000002e-06
2,3,mature lower,1.738425e-06,1.5112632500000001e-06
2,2,mature lower,1.811033e-06,1.548803e-06
2,1,mature lower,1.869065e-06,1.5327287499999998e-06
2,0,mature lower,1.730324e-06,1.5502655e-06
2,45,first upper,0.00044,0.00042550000000000004
2,46,second upper,2.29028e-06,2.1884927499999996e-06
2,47,mature upper,1.741379e-06,1.6253395e-06
2,48,mature upper,1.863708e-06,1.6119935e-06
2,49,mature upper,1.844021e-06,1.5944899999999999e-06
2,50,mature upper,1.775893e-06,1.56366775e-06
2,51,mature upper,1.720568e-06,1.48213325e-06
2,52,mature upper,1.873273e-06,1.633797e-06
2,53,mature upper,1.850654e-06,1.60764925e-06
2,54,mature upper,1.921476e-06,1.581956e-06
2,55,mature upper,1.743651e-06,1.49550175e-06
2,56,mature upper,1.714138e-06,1.4781665e-06
2,57,mature upper,1.808754e-06,1.52141125e-06
2,58,mature upper,1.900439e-06,1.582021e-06
2,59,mature upper,1.742886e-06,1.50460825e-06
2,60,mature upper,1.720536e-06,1.4876182499999999e-06
2,61,mature upper,1.726937e-06,1.4848985e-06
2,62,mature upper,1.691866e-06,1.4210155e-06
2,63,mature upper,1.809045e-06,1.510769e-06
2,64,mature upper,1.871831e-06,1.52843025e-06
2,65,mature upper,1.730738e-06,1.4821047499999998e-06
2,66,mature upper,1.719718e-06,1.4833487499999999e-06
2,67,mature upper,1.87661e-06,1.6276305e-06
2,68,mature upper,1.829143e-06,1.5706682499999999e-06
2,69,mature upper,1.736475e-06,1.519524e-06
2,70,mature upper,1.70453e-06,1.44063575e-06
2,71,mature upper,1.825777e-06,1.5556422500000001e-06
2,72,mature upper,1.765108e-06,1.44546325e-06
2,73,mature upper,1.78049e-06,1.51606425e-06
2,74,mature upper,1.830099e-06,1.5044195e-06
2,75,mature upper,1.788677e-06,1.47421975e-06
2,76,mature upper,1.821531e-06,1.52749425e-06
2,77,mature upper,1.803908e-06,1.5666905e-06
2,78,mature upper,1.745624e-06,1.5083987500000002e-06
2,79,mature upper,1.787264e-06,1.4887459999999998e-06
2,80,mature upper,1.767753e-06,1.52659e-06
2,81,mature upper,1.743495e-06,1.50080125e-06
2,82,mature upper,1.859673e-06,1.5289832500000001e-06
2,83,mature upper,1.835438e-06,1.5534825e-06
2,84,mature upper,1.852856e-06,1.55667675e-06
2,85,mature upper,1.833489e-06,1.51825975e-06
2,86,mature upper,1.761019e-06,1.49850375e-06
2,87,mature upper,1.793572e-06,1.48274525e-06
2,88,mature upper,1.783341e-06,1.5623159999999999e-06
1,43,first lower,0.000431,0.000417
1,42,second lower,2.248341e-06,2.12278875e-06
1,41,mature lower,1.754355e-06,1.64411675e-06
1,40,mature lower,1.846116e-06,1.5871955e-06
1,39,mature lower,1.802083e-06,1.4703202500000001e-06
1,38,mature lower,1.779157e-06,1.4820924999999999e-06
1,37,mature lower,1.680397e-06,1.52034225e-06
1,36,mature lower,1.76343e-06,1.53235675e-06
1,35,mature lower,1.731721e-06,1.52360375e-06
1,34,mature lower,1.796546e-06,1.50765825e-06
1,33,mature lower,1.751842e-06,1.485025e-06
1,32,mature lower,1.743977e-06,1.52403075e-06
1,31,mature lower,1.756977e-06,1.5343015e-06
1,30,mature lower,1.888559e-06,1.5427320000000001e-06
1,29,mature lower,1.85757e-06,1.54926125e-06
1,28,mature lower,1.734887e-06,1.4519952500000002e-06
1,27,mature lower,1.757516e-06,1.4606115e-06
1,26,mature lower,1.733245e-06,1.49465375e-06
1,25,mature lower,1.656875e-06,1.49132625e-06
1,24,mature lower,1.754564e-06,1.513813e-06
1,23,mature lower,1.76941e-06,1.48508475e-06
1,22,mature lower,1.698716e-06,1.47924775e-06
1,21,mature lower,1.82709e-06,1.53044725e-06
1,20,mature lower,1.814961e-06,1.50373925e-06
1,19,mature lower,1.724062e-06,1.45699475e-06
1,18,mature lower,1.792623e-06,1.5484229999999999e-06
1,17,mature lower,1.846827e-06,1.50644075e-06
1,16,mature lower,1.83177e-06,1.5588502500000002e-06
1,15,mature lower,1.751786e-06,1.4503637500000001e-06
1,14,mature lower,1.670162e-06,1.42056925e-06
1,13,mature lower,1.757919e-06,1.53930075e-06
1,12,mature lower,1.765173e-06,1.4917685e-06
1,11,mature lower,1.778743e-06,1.447846e-06
1,10,mature lower,1.816337e-06,1.4909580000000001e-06
1,9,mature lower,1.860358e-06,1.5773825e-06
1,8,mature lower,1.785195e-06,1.50926175e-06
1,7,mature lower,1.717591e-06,1.4341785000000001e-06
1,6,mature lower,1.747851e-06,1.427616e-06
1,5,mature lower,1.83171e-06,1.5151835000000002e-06
1,4,mature lower,1.874177e-06,1.5341190000000002e-06
1,3,mature lower,1.886245e-06,1.57832125e-06
1,2,mature lower,1.781965e-06,1.475667e-06
1,1,mature lower,1.715243e-06,1.47922125e-06
1,0,mature lower,1.737141e-06,1.4649865000000001e-06
1,45,first upper,0.000431,0.000417
1,46,second upper,2.24834e-06,2.1227872500000004e-06
1,47,mature upper,1.754357e-06,1.6441220000000002e-06
1,48,mature upper,1.846123e-06,1.5871949999999999e-06
1,49,mature upper,1.802066e-06,1.4703109999999998e-06
1,50,mature upper,1.779149e-06,1.4820774999999999e-06
1,51,mature upper,1.680409e-06,1.52033075e-06
1,52,mature upper,1.763425e-06,1.5323542500000002e-06
1,53,mature upper,1.731736e-06,1.523592e-06
1,54,mature upper,1.796565e-06,1.5076475e-06
1,55,mature upper,1.751888e-06,1.48503975e-06
1,56,mature upper,1.744171e-06,1.5240632499999998e-06
1,57,mature upper,1.756972e-06,1.53423575e-06
1,58,mature upper,1.88819e-06,1.54257175e-06
1,59,mature upper,1.85737e-06,1.54904425e-06
1,60,mature upper,1.735072e-06,1.45190675e-06
1,61,mature upper,1.756691e-06,1.46047975e-06
1,62,mature upper,1.733301e-06,1.49453975e-06
1,63,mature upper,1.657101e-06,1.490741e-06
1,64,mature upper,1.755185e-06,1.5141980000000002e-06
1,65,mature upper,1.769647e-06,1.48538325e-06
1,66,mature upper,1.700889e-06,1.48068825e-06
1,67,mature upper,1.826122e-06,1.53138725e-06
1,68,mature upper,1.815208e-06,1.504287e-06
1,69,mature upper,1.722348e-06,1.4578927500000002e-06
1,70,mature upper,1.788939e-06,1.5469285e-06
1,71,mature upper,1.845658e-06,1.50673575e-06
1,72,mature upper,1.834193e-06,1.5599915e-06
1,73,mature upper,1.742235e-06,1.44790875e-06
1,74,mature upper,1.740361e-06,1.45922475e-06
1,75,mature upper,1.765464e-06,1.503691e-06
1,76,mature upper,1.676595e-06,1.4827435e-06
1,77,mature upper,1.776766e-06,1.463683e-06
1,78,mature upper,1.805358e-06,1.510745e-06
1,79,mature upper,1.756704e-06,1.534374e-06
1,80,mature upper,1.751833e-06,1.53054025e-06
1,81,mature upper,1.760727e-06,1.5045065e-06
1,82,mature upper,1.779852e-06,1.5394772499999999e-06
1,83,mature upper,1.81946e-06,1.5171605000000001e-06
1,84,mature upper,1.88832e-06,1.551033e-06
1,85,mature upper,1.904445e-06,1.603162e-06
1,86,mature upper,1.797864e-06,1.519806e-06
1,87,mature upper,1.705082e-06,1.45418325e-06
1,88,mature upper,1.762166e-06,1.4665894999999999e-06
0,43,first lower,0.000422,0.00040775
0,42,second lower,2.21828e-06,2.16736775e-06
0,41,mature lower,1.713183e-06,1.62761725e-06
0,40,mature lower,1.686169e-06,1.50898125e-06
0,39,mature lower,1.648399e-06,1.4635832499999999e-06
0,38,mature lower,1.516447e-06,1.38603175e-06
0,37,mature lower,1.518797e-06,1.4943615000000001e-06
0,36,mature lower,1.741443e-06,1.5307285e-06
0,35,mature lower,1.672492e-06,1.45011425e-06
0,34,mature lower,1.649996e-06,1.42231725e-06
0,33,mature lower,1.697778e-06,1.517135e-06
0,32,mature lower,1.730765e-06,1.50412225e-06
0,31,mature lower,1.851704e-06,1.48023e-06
0,30,mature lower,1.686304e-06,1.463963e-06
0,29,mature lower,1.631182e-06,1.417882e-06
0,28,mature lower,1.788668e-06,1.499298e-06
0,27,mature lower,1.608785e-06,1.3969405e-06
0,26,mature lower,1.682364e-06,1.46350225e-06
0,25,mature lower,1.651063e-06,1.37697825e-06
0,24,mature lower,1.697336e-06,1.47672225e-06
0,23,mature lower,1.746633e-06,1.54468725e-06
0,22,mature lower,1.604046e-06,1.45050975e-06
0,21,mature lower,1.65274e-06,1.4326244999999998e-06
0,20,mature lower,1.762134e-06,1.5305425e-06
0,19,mature lower,1.693567e-06,1.4912104999999998e-06
0,18,mature lower,1.761038e-06,1.4648902499999997e-06
0,17,mature lower,1.76009e-06,1.414029e-06
0,16,mature lower,1.759399e-06,1.4578260000000001e-06
0,15,mature lower,1.736591e-06,1.4465337499999999e-06
0,14,mature lower,1.669574e-06,1.41911375e-06
0,13,mature lower,1.688071e-06,1.36927175e-06
0,12,mature lower,1.664916e-06,1.4193842500000002e-06
0,11,mature lower,1.754284e-06,1.4705765e-06
0,10,mature lower,1.842029e-06,1.4603552500000001e-06
0,9,mature lower,1.763691e-06,1.51860125e-06
0,8,mature lower,1.761147e-06,1.52018725e-06
0,7,mature lower,1.684186e-06,1.4318590000000001e-06
0,6,mature lower,1.713571e-06,1.48236e-06
0,5,mature lower,1.828124e-06,1.5593395e-06
0,4,mature lower,1.838408e-06,1.48999775e-06
0,3,mature lower,1.710452e-06,1.441868e-06
0,2,mature lower,1.70562e-06,1.4755815e-06
0,1,mature lower,1.694948e-06,1.41863825e-06
0,0,mature lower,1.698626e-06,1.45145675e-06
0,45,first upper,0.000422,0.00040775
0,46,second upper,2.218286e-06,2.1673400000000002e-06
0,47,mature upper,1.713189e-06,1.627619e-06
0,48,mature upper,1.686169e-06,1.5089842500000001e-06
0,49,mature upper,1.648397e-06,1.46359575e-06
0,50,mature upper,1.516406e-06,1.386005e-06
0,51,mature upper,1.518599e-06,1.49438625e-06
0,52,mature upper,1.741365e-06,1.5305395e-06
0,53,mature upper,1.673e-06,1.4501832500000001e-06
0,54,mature upper,1.651824e-06,1.42273625e-06
0,55,mature upper,1.698845e-06,1.5176635e-06
0,56,mature upper,1.732168e-06,1.5036015e-06
0,57,mature upper,1.850553e-06,1.48048675e-06
0,58,mature upper,1.693916e-06,1.4651132500000002e-06
0,59,mature upper,1.628873e-06,1.41779e-06
0,60,mature upper,1.79467e-06,1.5007509999999998e-06
0,61,mature upper,1.609378e-06,1.3964107500000001e-06
0,62,mature upper,1.679442e-06,1.46185175e-06
0,63,mature upper,1.659236e-06,1.37990925e-06
0,64,mature upper,1.695595e-06,1.4751805e-06
0,65,mature upper,1.740516e-06,1.53879175e-06
0,66,mature upper,1.612046e-06,1.4568795e-06
0,67,mature upper,1.655907e-06,1.4316255000000002e-06
0,68,mature upper,1.733382e-06,1.52559275e-06
0,69,mature upper,1.820623e-06,1.5227405e-06
0,70,mature upper,1.7296e-06,1.4719357500000001e-06
0,71,mature upper,1.756352e-06,1.432337e-06
0,72,mature upper,1.760091e-06,1.48320775e-06
0,73,mature upper,1.810162e-06,1.455566e-06
0,74,mature upper,1.679638e-06,1.43184975e-06
0,75,mature upper,1.702932e-06,1.46150175e-06
0,76,mature upper,1.668375e-06,1.4162725e-06
0,77,mature upper,1.621266e-06,1.3773754999999998e-06
0,78,mature upper,1.695831e-06,1.4713904999999999e-06
0,79,mature upper,1.720327e-06,1.538615e-06
0,80,mature upper,1.781278e-06,1.5515337500000001e-06
0,81,mature upper,1.774797e-06,1.428033e-06
0,82,mature upper,1.638473e-06,1.3799707500000001e-06
0,83,mature upper,1.768018e-06,1.50381275e-06
0,84,mature upper,1.846451e-06,1.5646745e-06
0,85,mature upper,1.671268e-06,1.4072397499999998e-06
0,86,mature upper,1.618292e-06,1.36803675e-06
0,87,mature upper,1.784501e-06,1.473584e-06
0,88,mature upper,1.800456e-06,1.45025525e-06
